tempo;3s;temperatura;34.00°C
tempo;4s;temperatura;33.75°C
tempo;5s;temperatura;33.25°C
tempo;6s;temperatura;33.75°C
tempo;7s;temperatura;33.25°C
tempo;8s;temperatura;32.75°C
tempo;9s;temperatura;33.75°C
tempo;10s;temperatura;33.75°C
tempo;11s;temperatura;33.50°C
tempo;12s;temperatura;33.50°C
tempo;13s;temperatura;33.50°C
tempo;14s;temperatura;33.00°C
tempo;15s;temperatura;33.50°C
tempo;16s;temperatura;33.50°C
tempo;17s;temperatura;33.00°C
tempo;18s;temperatura;33.75°C
tempo;19s;temperatura;33.00°C
tempo;20s;temperatura;33.00°C
tempo;21s;temperatura;33.50°C
tempo;22s;temperatura;33.25°C
tempo;23s;temperatura;33.50°C
tempo;24s;temperatura;33.00°C
tempo;25s;temperatura;33.75°C
tempo;26s;temperatura;33.50°C
tempo;27s;temperatura;33.25°C
tempo;28s;temperatura;33.25°C
tempo;29s;temperatura;33.50°C
tempo;30s;temperatura;33.50°C
tempo;31s;temperatura;33.50°C
tempo;32s;temperatura;33.50°C
tempo;33s;temperatura;33.25°C
tempo;34s;temperatura;33.00°C
tempo;35s;temperatura;33.50°C
tempo;36s;temperatura;33.25°C
tempo;37s;temperatura;33.50°C
tempo;38s;temperatura;33.00°C
tempo;39s;temperatura;33.25°C
tempo;40s;temperatura;33.50°C
tempo;41s;temperatura;33.50°C
tempo;42s;temperatura;33.25°C
tempo;43s;temperatura;33.25°C
tempo;44s;temperatura;33.50°C
tempo;45s;temperatura;33.50°C
tempo;46s;temperatura;33.25°C
tempo;47s;temperatura;33.25°C
tempo;48s;temperatura;33.25°C
tempo;49s;temperatura;33.50°C
tempo;50s;temperatura;33.25°C
tempo;51s;temperatura;33.50°C
tempo;52s;temperatura;33.00°C
tempo;53s;temperatura;33.00°C
tempo;54s;temperatura;33.50°C
tempo;55s;temperatura;33.25°C
tempo;56s;temperatura;33.25°C
tempo;57s;temperatura;33.50°C
tempo;58s;temperatura;33.50°C
tempo;59s;temperatura;33.50°C
tempo;60s;temperatura;33.25°C
tempo;61s;temperatura;33.50°C
tempo;62s;temperatura;32.75°C
tempo;63s;temperatura;33.25°C
tempo;64s;temperatura;33.25°C
tempo;65s;temperatura;33.50°C
tempo;66s;temperatura;33.50°C
tempo;67s;temperatura;33.00°C
tempo;68s;temperatura;33.25°C
tempo;69s;temperatura;33.50°C
tempo;70s;temperatura;33.25°C
tempo;71s;temperatura;33.50°C
tempo;72s;temperatura;33.00°C
tempo;73s;temperatura;33.50°C
tempo;74s;temperatura;33.75°C
tempo;75s;temperatura;33.50°C
tempo;76s;temperatura;33.50°C
tempo;77s;temperatura;33.50°C
tempo;78s;temperatura;33.75°C
tempo;79s;temperatura;33.75°C
tempo;80s;temperatura;33.75°C
tempo;81s;temperatura;33.50°C
tempo;82s;temperatura;33.75°C
tempo;83s;temperatura;33.25°C
tempo;84s;temperatura;33.50°C
tempo;85s;temperatura;33.50°C
tempo;86s;temperatura;33.50°C
tempo;87s;temperatura;33.75°C
tempo;88s;temperatura;33.50°C
tempo;89s;temperatura;33.75°C
tempo;90s;temperatura;33.75°C
tempo;91s;temperatura;33.25°C
tempo;92s;temperatura;33.50°C
tempo;93s;temperatura;33.75°C
tempo;94s;temperatura;33.50°C
tempo;95s;temperatura;33.25°C
tempo;96s;temperatura;33.50°C
tempo;97s;temperatura;33.25°C
tempo;98s;temperatura;33.25°C
tempo;99s;temperatura;33.50°C
tempo;100s;temperatura;33.50°C
tempo;101s;temperatura;33.75°C
tempo;102s;temperatura;33.75°C
tempo;103s;temperatura;33.50°C
tempo;104s;temperatura;34.00°C
tempo;105s;temperatura;33.75°C
tempo;106s;temperatura;33.50°C
tempo;107s;temperatura;33.75°C
tempo;108s;temperatura;33.50°C
tempo;109s;temperatura;33.25°C
tempo;110s;temperatura;33.50°C
tempo;111s;temperatura;33.25°C
tempo;112s;temperatura;33.50°C
tempo;113s;temperatura;33.50°C
tempo;114s;temperatura;33.50°C
tempo;115s;temperatura;33.50°C
tempo;116s;temperatura;33.50°C
tempo;117s;temperatura;33.75°C
tempo;118s;temperatura;33.75°C
tempo;119s;temperatura;33.75°C
tempo;120s;temperatura;33.75°C
tempo;121s;temperatura;33.75°C
tempo;122s;temperatura;34.00°C
tempo;123s;temperatura;33.75°C
tempo;124s;temperatura;33.75°C
tempo;125s;temperatura;33.75°C
tempo;126s;temperatura;33.25°C
tempo;127s;temperatura;33.75°C
tempo;128s;temperatura;33.75°C
tempo;129s;temperatura;33.75°C
tempo;130s;temperatura;33.75°C
tempo;131s;temperatura;33.75°C
tempo;132s;temperatura;33.75°C
tempo;133s;temperatura;33.50°C
tempo;134s;temperatura;33.75°C
tempo;135s;temperatura;33.75°C
tempo;136s;temperatura;34.00°C
tempo;137s;temperatura;33.75°C
tempo;138s;temperatura;33.50°C
tempo;139s;temperatura;33.75°C
tempo;140s;temperatura;34.00°C
tempo;141s;temperatura;33.75°C
tempo;142s;temperatura;33.75°C
tempo;143s;temperatura;33.75°C
tempo;144s;temperatura;33.50°C
tempo;145s;temperatura;34.00°C
tempo;146s;temperatura;33.75°C
tempo;147s;temperatura;34.00°C
tempo;148s;temperatura;34.00°C
tempo;149s;temperatura;33.50°C
tempo;150s;temperatura;34.25°C
tempo;151s;temperatura;34.25°C
tempo;152s;temperatura;34.00°C
tempo;153s;temperatura;33.75°C
tempo;154s;temperatura;34.00°C
tempo;155s;temperatura;34.25°C
tempo;156s;temperatura;34.00°C
tempo;157s;temperatura;33.75°C
tempo;158s;temperatura;34.25°C
tempo;159s;temperatura;34.00°C
tempo;160s;temperatura;34.25°C
tempo;161s;temperatura;34.00°C
tempo;162s;temperatura;34.00°C
tempo;163s;temperatura;34.00°C
tempo;164s;temperatura;34.00°C
tempo;165s;temperatura;33.75°C
tempo;166s;temperatura;34.25°C
tempo;167s;temperatura;34.00°C
tempo;168s;temperatura;34.75°C
tempo;169s;temperatura;34.25°C
tempo;170s;temperatura;34.25°C
tempo;171s;temperatura;34.50°C
tempo;172s;temperatura;34.25°C
tempo;173s;temperatura;34.25°C
tempo;174s;temperatura;34.25°C
tempo;175s;temperatura;34.50°C
tempo;176s;temperatura;34.25°C
tempo;177s;temperatura;34.00°C
tempo;178s;temperatura;34.25°C
tempo;179s;temperatura;34.25°C
tempo;180s;temperatura;34.50°C
tempo;181s;temperatura;34.50°C
tempo;182s;temperatura;34.25°C
tempo;183s;temperatura;34.50°C
tempo;184s;temperatura;34.50°C
tempo;185s;temperatura;34.25°C
tempo;186s;temperatura;34.25°C
tempo;187s;temperatura;34.50°C
tempo;188s;temperatura;34.25°C
tempo;189s;temperatura;34.50°C
tempo;190s;temperatura;34.50°C
tempo;191s;temperatura;34.50°C
tempo;192s;temperatura;34.25°C
tempo;193s;temperatura;34.25°C
tempo;194s;temperatura;35.00°C
tempo;195s;temperatura;34.75°C
tempo;196s;temperatura;34.75°C
tempo;197s;temperatura;34.50°C
tempo;198s;temperatura;34.75°C
tempo;199s;temperatura;34.50°C
tempo;200s;temperatura;34.75°C
tempo;201s;temperatura;34.25°C
tempo;202s;temperatura;34.75°C
tempo;203s;temperatura;34.25°C
tempo;204s;temperatura;35.00°C
tempo;205s;temperatura;34.75°C
tempo;206s;temperatura;35.25°C
tempo;207s;temperatura;35.25°C
tempo;208s;temperatura;34.75°C
tempo;209s;temperatura;35.25°C
tempo;210s;temperatura;35.25°C
tempo;211s;temperatura;35.00°C
tempo;212s;temperatura;35.00°C
tempo;213s;temperatura;35.00°C
tempo;214s;temperatura;35.00°C
tempo;215s;temperatura;35.00°C
tempo;216s;temperatura;35.25°C
tempo;217s;temperatura;35.50°C
tempo;218s;temperatura;35.25°C
tempo;219s;temperatura;35.25°C
tempo;220s;temperatura;35.50°C
tempo;221s;temperatura;35.50°C
tempo;222s;temperatura;35.50°C
tempo;223s;temperatura;35.25°C
tempo;224s;temperatura;35.25°C
tempo;225s;temperatura;35.00°C
tempo;226s;temperatura;35.25°C
tempo;227s;temperatura;35.50°C
tempo;228s;temperatura;35.50°C
tempo;229s;temperatura;35.50°C
tempo;230s;temperatura;35.25°C
tempo;231s;temperatura;35.50°C
tempo;232s;temperatura;35.50°C
tempo;233s;temperatura;35.25°C
tempo;234s;temperatura;35.25°C
tempo;235s;temperatura;35.50°C
tempo;236s;temperatura;35.50°C
tempo;237s;temperatura;35.75°C
tempo;238s;temperatura;35.25°C
tempo;239s;temperatura;35.75°C
tempo;240s;temperatura;35.50°C
tempo;241s;temperatura;35.75°C
tempo;242s;temperatura;35.50°C
tempo;243s;temperatura;35.75°C
tempo;244s;temperatura;35.50°C
tempo;245s;temperatura;36.00°C
tempo;246s;temperatura;35.75°C
tempo;247s;temperatura;36.00°C
tempo;248s;temperatura;35.50°C
tempo;249s;temperatura;36.00°C
tempo;250s;temperatura;36.00°C
tempo;251s;temperatura;35.50°C
tempo;252s;temperatura;35.75°C
tempo;253s;temperatura;35.75°C
tempo;254s;temperatura;35.50°C
tempo;255s;temperatura;36.00°C
tempo;256s;temperatura;35.25°C
tempo;257s;temperatura;36.00°C
tempo;258s;temperatura;36.00°C
tempo;259s;temperatura;36.00°C
tempo;260s;temperatura;36.00°C
tempo;261s;temperatura;36.25°C
tempo;262s;temperatura;36.25°C
tempo;263s;temperatura;35.50°C
tempo;264s;temperatura;36.25°C
tempo;265s;temperatura;36.00°C
tempo;266s;temperatura;36.25°C
tempo;267s;temperatura;36.50°C
tempo;268s;temperatura;36.25°C
tempo;269s;temperatura;36.50°C
tempo;270s;temperatura;36.00°C
tempo;271s;temperatura;36.25°C
tempo;272s;temperatura;36.50°C
tempo;273s;temperatura;36.50°C
tempo;274s;temperatura;36.50°C
tempo;275s;temperatura;36.50°C
tempo;276s;temperatura;36.25°C
tempo;277s;temperatura;36.75°C
tempo;278s;temperatura;36.25°C
tempo;279s;temperatura;36.50°C
tempo;280s;temperatura;36.50°C
tempo;281s;temperatura;36.50°C
tempo;282s;temperatura;36.75°C
tempo;283s;temperatura;36.75°C
tempo;284s;temperatura;36.75°C
tempo;285s;temperatura;36.75°C
tempo;286s;temperatura;37.00°C
tempo;287s;temperatura;36.75°C
tempo;288s;temperatura;37.00°C
tempo;289s;temperatura;36.50°C
tempo;290s;temperatura;37.00°C
tempo;291s;temperatura;36.75°C
tempo;292s;temperatura;36.75°C
tempo;293s;temperatura;36.75°C
tempo;294s;temperatura;37.25°C
tempo;295s;temperatura;36.75°C
tempo;296s;temperatura;37.00°C
tempo;297s;temperatura;37.00°C
tempo;298s;temperatura;37.25°C
tempo;299s;temperatura;37.00°C
tempo;300s;temperatura;37.00°C
tempo;301s;temperatura;36.75°C
tempo;302s;temperatura;37.50°C
tempo;303s;temperatura;37.50°C
tempo;304s;temperatura;37.50°C
tempo;305s;temperatura;37.50°C
tempo;306s;temperatura;37.50°C
tempo;307s;temperatura;37.75°C
tempo;308s;temperatura;37.75°C
tempo;309s;temperatura;37.25°C
tempo;310s;temperatura;37.50°C
tempo;311s;temperatura;37.25°C
tempo;312s;temperatura;37.50°C
tempo;313s;temperatura;37.75°C
tempo;314s;temperatura;37.75°C
tempo;315s;temperatura;37.50°C
tempo;316s;temperatura;37.75°C
tempo;317s;temperatura;37.50°C
tempo;318s;temperatura;37.25°C
tempo;319s;temperatura;37.75°C
tempo;320s;temperatura;38.00°C
tempo;321s;temperatura;38.00°C
tempo;322s;temperatura;38.00°C
tempo;323s;temperatura;38.00°C
tempo;324s;temperatura;37.50°C
tempo;325s;temperatura;38.00°C
tempo;326s;temperatura;38.00°C
tempo;327s;temperatura;38.25°C
tempo;328s;temperatura;38.25°C
tempo;329s;temperatura;38.00°C
tempo;330s;temperatura;38.25°C
tempo;331s;temperatura;38.25°C
tempo;332s;temperatura;38.25°C
tempo;333s;temperatura;37.75°C
tempo;334s;temperatura;38.50°C
tempo;335s;temperatura;38.25°C
tempo;336s;temperatura;38.25°C
tempo;337s;temperatura;38.25°C
tempo;338s;temperatura;38.00°C
tempo;339s;temperatura;38.50°C
tempo;340s;temperatura;38.50°C
tempo;341s;temperatura;38.50°C
tempo;342s;temperatura;38.50°C
tempo;343s;temperatura;38.50°C
tempo;344s;temperatura;38.50°C
tempo;345s;temperatura;38.75°C
tempo;346s;temperatura;38.25°C
tempo;347s;temperatura;38.75°C
tempo;348s;temperatura;38.75°C
tempo;349s;temperatura;38.50°C
tempo;350s;temperatura;39.00°C
tempo;351s;temperatura;38.75°C
tempo;352s;temperatura;38.75°C
tempo;353s;temperatura;38.50°C
tempo;354s;temperatura;38.75°C
tempo;355s;temperatura;39.00°C
tempo;356s;temperatura;38.75°C
tempo;357s;temperatura;39.00°C
tempo;358s;temperatura;38.50°C
tempo;359s;temperatura;38.75°C
tempo;360s;temperatura;38.75°C
tempo;361s;temperatura;39.25°C
tempo;362s;temperatura;39.50°C
tempo;363s;temperatura;39.00°C
tempo;364s;temperatura;39.00°C
tempo;365s;temperatura;38.50°C
tempo;366s;temperatura;39.25°C
tempo;367s;temperatura;39.25°C
tempo;368s;temperatura;39.25°C
tempo;369s;temperatura;39.50°C
tempo;370s;temperatura;39.25°C
tempo;371s;temperatura;39.50°C
tempo;372s;temperatura;39.75°C
tempo;373s;temperatura;39.25°C
tempo;374s;temperatura;39.00°C
tempo;375s;temperatura;39.75°C
tempo;376s;temperatura;39.75°C
tempo;377s;temperatura;39.50°C
tempo;378s;temperatura;40.00°C
tempo;379s;temperatura;40.00°C
tempo;380s;temperatura;40.00°C
tempo;381s;temperatura;39.50°C
tempo;382s;temperatura;39.75°C
tempo;383s;temperatura;40.00°C
tempo;384s;temperatura;39.75°C
tempo;385s;temperatura;39.75°C
tempo;386s;temperatura;39.75°C
tempo;387s;temperatura;39.75°C
tempo;388s;temperatura;39.75°C
tempo;389s;temperatura;39.50°C
tempo;390s;temperatura;40.25°C
tempo;391s;temperatura;39.75°C
tempo;392s;temperatura;40.25°C
tempo;393s;temperatura;40.00°C
tempo;394s;temperatura;39.75°C
tempo;395s;temperatura;40.25°C
tempo;396s;temperatura;40.00°C
tempo;397s;temperatura;40.50°C
tempo;398s;temperatura;40.25°C
tempo;399s;temperatura;40.25°C
tempo;400s;temperatura;40.50°C
tempo;401s;temperatura;40.50°C
tempo;402s;temperatura;40.50°C
tempo;403s;temperatura;40.75°C
tempo;404s;temperatura;40.25°C
tempo;405s;temperatura;40.00°C
tempo;406s;temperatura;40.50°C
tempo;407s;temperatura;41.00°C
tempo;408s;temperatura;40.75°C
tempo;409s;temperatura;40.50°C
tempo;410s;temperatura;41.00°C
tempo;411s;temperatura;40.75°C
tempo;412s;temperatura;40.75°C
tempo;413s;temperatura;40.75°C
tempo;414s;temperatura;40.75°C
tempo;415s;temperatura;41.00°C
tempo;416s;temperatura;41.00°C
tempo;417s;temperatura;41.25°C
tempo;418s;temperatura;41.25°C
tempo;419s;temperatura;41.00°C
tempo;420s;temperatura;41.00°C
tempo;421s;temperatura;41.50°C
tempo;422s;temperatura;41.00°C
tempo;423s;temperatura;41.50°C
tempo;424s;temperatura;41.50°C
tempo;425s;temperatura;41.50°C
tempo;426s;temperatura;41.75°C
tempo;427s;temperatura;41.25°C
tempo;428s;temperatura;40.75°C
tempo;429s;temperatura;41.50°C
tempo;430s;temperatura;41.50°C
tempo;431s;temperatura;41.50°C
tempo;432s;temperatura;41.75°C
tempo;433s;temperatura;41.75°C
tempo;434s;temperatura;41.50°C
tempo;435s;temperatura;41.50°C
tempo;436s;temperatura;41.25°C
tempo;437s;temperatura;41.50°C
tempo;438s;temperatura;42.00°C
tempo;439s;temperatura;41.75°C
tempo;440s;temperatura;42.00°C
tempo;441s;temperatura;41.50°C
tempo;442s;temperatura;42.00°C
tempo;443s;temperatura;41.75°C
tempo;444s;temperatura;42.25°C
tempo;445s;temperatura;42.25°C
tempo;446s;temperatura;42.00°C
tempo;447s;temperatura;42.00°C
tempo;448s;temperatura;42.00°C
tempo;449s;temperatura;41.75°C
tempo;450s;temperatura;42.25°C
tempo;451s;temperatura;42.25°C
tempo;452s;temperatura;42.50°C
tempo;453s;temperatura;42.50°C
tempo;454s;temperatura;42.25°C
tempo;455s;temperatura;42.50°C
tempo;456s;temperatura;42.25°C
tempo;457s;temperatura;42.75°C
tempo;458s;temperatura;42.75°C
tempo;459s;temperatura;42.50°C
tempo;460s;temperatura;42.25°C
tempo;461s;temperatura;43.00°C
tempo;462s;temperatura;42.50°C
tempo;463s;temperatura;42.00°C
tempo;464s;temperatura;42.75°C
tempo;465s;temperatura;42.75°C
tempo;466s;temperatura;42.75°C
tempo;467s;temperatura;42.50°C
tempo;468s;temperatura;42.75°C
tempo;469s;temperatura;42.75°C
tempo;470s;temperatura;43.25°C
tempo;471s;temperatura;43.00°C
tempo;472s;temperatura;42.75°C
tempo;473s;temperatura;42.75°C
tempo;474s;temperatura;43.25°C
tempo;475s;temperatura;42.75°C
tempo;476s;temperatura;43.00°C
tempo;477s;temperatura;43.00°C
tempo;478s;temperatura;43.50°C
tempo;479s;temperatura;43.50°C
tempo;480s;temperatura;43.50°C
tempo;481s;temperatura;43.25°C
tempo;482s;temperatura;43.25°C
tempo;483s;temperatura;43.50°C
tempo;484s;temperatura;43.75°C
tempo;485s;temperatura;43.50°C
tempo;486s;temperatura;43.75°C
tempo;487s;temperatura;43.75°C
tempo;488s;temperatura;44.00°C
tempo;489s;temperatura;44.00°C
tempo;490s;temperatura;44.00°C
tempo;491s;temperatura;44.25°C
tempo;492s;temperatura;44.25°C
tempo;493s;temperatura;43.75°C
tempo;494s;temperatura;44.50°C
tempo;495s;temperatura;43.75°C
tempo;496s;temperatura;44.50°C
tempo;497s;temperatura;44.25°C
tempo;498s;temperatura;44.25°C
tempo;499s;temperatura;44.00°C
tempo;500s;temperatura;44.00°C
tempo;501s;temperatura;44.50°C
tempo;502s;temperatura;44.50°C
tempo;503s;temperatura;44.00°C
tempo;504s;temperatura;44.25°C
tempo;505s;temperatura;44.75°C
tempo;506s;temperatura;44.75°C
tempo;507s;temperatura;44.50°C
tempo;508s;temperatura;44.75°C
tempo;509s;temperatura;44.75°C
tempo;510s;temperatura;44.25°C
tempo;511s;temperatura;44.75°C
tempo;512s;temperatura;44.75°C
tempo;513s;temperatura;45.00°C
tempo;514s;temperatura;44.75°C
tempo;515s;temperatura;45.00°C
tempo;516s;temperatura;44.75°C
tempo;517s;temperatura;45.00°C
tempo;518s;temperatura;45.25°C
tempo;519s;temperatura;45.25°C
tempo;520s;temperatura;44.75°C
tempo;521s;temperatura;45.50°C
tempo;522s;temperatura;45.25°C
tempo;523s;temperatura;45.25°C
tempo;524s;temperatura;45.50°C
tempo;525s;temperatura;45.50°C
tempo;526s;temperatura;45.50°C
tempo;527s;temperatura;45.00°C
tempo;528s;temperatura;45.50°C
tempo;529s;temperatura;45.50°C
tempo;530s;temperatura;45.75°C
tempo;531s;temperatura;45.50°C
tempo;532s;temperatura;45.25°C
tempo;533s;temperatura;45.75°C
tempo;534s;temperatura;45.75°C
tempo;535s;temperatura;45.00°C
tempo;536s;temperatura;46.00°C
tempo;537s;temperatura;45.50°C
tempo;538s;temperatura;46.00°C
tempo;539s;temperatura;45.75°C
tempo;540s;temperatura;45.75°C
tempo;541s;temperatura;46.00°C
tempo;542s;temperatura;46.50°C
tempo;543s;temperatura;46.25°C
tempo;544s;temperatura;46.00°C
tempo;545s;temperatura;45.75°C
tempo;546s;temperatura;46.25°C
tempo;547s;temperatura;45.75°C
tempo;548s;temperatura;46.50°C
tempo;549s;temperatura;46.50°C
tempo;550s;temperatura;46.50°C
tempo;551s;temperatura;46.50°C
tempo;552s;temperatura;46.00°C
tempo;553s;temperatura;46.50°C
tempo;554s;temperatura;46.00°C
tempo;555s;temperatura;46.75°C
tempo;556s;temperatura;46.25°C
tempo;557s;temperatura;46.75°C
tempo;558s;temperatura;46.50°C
tempo;559s;temperatura;47.00°C
tempo;560s;temperatura;46.25°C
tempo;561s;temperatura;46.50°C
tempo;562s;temperatura;47.00°C
tempo;563s;temperatura;47.00°C
tempo;564s;temperatura;46.50°C
tempo;565s;temperatura;47.00°C
tempo;566s;temperatura;47.25°C
tempo;567s;temperatura;47.00°C
tempo;568s;temperatura;47.00°C
tempo;569s;temperatura;46.75°C
tempo;570s;temperatura;46.75°C
tempo;571s;temperatura;47.00°C
tempo;572s;temperatura;47.50°C
tempo;573s;temperatura;47.25°C
tempo;574s;temperatura;47.00°C
tempo;575s;temperatura;47.25°C
tempo;576s;temperatura;47.25°C
tempo;577s;temperatura;47.00°C
tempo;578s;temperatura;47.25°C
tempo;579s;temperatura;47.50°C
tempo;580s;temperatura;47.50°C
tempo;581s;temperatura;47.50°C
tempo;582s;temperatura;47.75°C
tempo;583s;temperatura;47.25°C
tempo;584s;temperatura;47.50°C
tempo;585s;temperatura;47.75°C
tempo;586s;temperatura;47.75°C
tempo;587s;temperatura;47.75°C
tempo;588s;temperatura;48.00°C
tempo;589s;temperatura;47.75°C
tempo;590s;temperatura;48.25°C
tempo;591s;temperatura;48.00°C
tempo;592s;temperatura;48.00°C
tempo;593s;temperatura;47.75°C
tempo;594s;temperatura;48.00°C
tempo;595s;temperatura;47.75°C
tempo;596s;temperatura;47.50°C
tempo;597s;temperatura;48.00°C
tempo;598s;temperatura;48.50°C
tempo;599s;temperatura;48.00°C
tempo;600s;temperatura;48.25°C
tempo;601s;temperatura;48.75°C
tempo;602s;temperatura;48.50°C
tempo;603s;temperatura;48.25°C
tempo;604s;temperatura;48.50°C
tempo;605s;temperatura;48.00°C
tempo;606s;temperatura;48.75°C
tempo;607s;temperatura;48.75°C
tempo;608s;temperatura;48.75°C
tempo;609s;temperatura;48.50°C
tempo;610s;temperatura;48.75°C
tempo;611s;temperatura;48.50°C
tempo;612s;temperatura;49.00°C
tempo;613s;temperatura;48.75°C
tempo;614s;temperatura;49.00°C
tempo;615s;temperatura;49.00°C
tempo;616s;temperatura;48.50°C
tempo;617s;temperatura;48.50°C
tempo;618s;temperatura;49.00°C
tempo;619s;temperatura;48.75°C
tempo;620s;temperatura;48.75°C
tempo;621s;temperatura;48.75°C
tempo;622s;temperatura;49.25°C
tempo;623s;temperatura;49.25°C
tempo;624s;temperatura;49.00°C
tempo;625s;temperatura;49.50°C
tempo;626s;temperatura;49.25°C
tempo;627s;temperatura;49.50°C
tempo;628s;temperatura;49.25°C
tempo;629s;temperatura;49.50°C
tempo;630s;temperatura;49.50°C
tempo;631s;temperatura;49.50°C
tempo;632s;temperatura;49.50°C
tempo;633s;temperatura;49.00°C
tempo;634s;temperatura;49.75°C
tempo;635s;temperatura;49.50°C
tempo;636s;temperatura;49.00°C
tempo;637s;temperatura;49.50°C
tempo;638s;temperatura;49.75°C
tempo;639s;temperatura;49.75°C
tempo;640s;temperatura;50.00°C
tempo;641s;temperatura;49.50°C
tempo;642s;temperatura;49.50°C
tempo;643s;temperatura;50.00°C
tempo;644s;temperatura;50.25°C
tempo;645s;temperatura;50.25°C
tempo;646s;temperatura;49.75°C
tempo;647s;temperatura;50.00°C
tempo;648s;temperatura;50.00°C
tempo;649s;temperatura;50.25°C
tempo;650s;temperatura;49.50°C
tempo;651s;temperatura;50.00°C
tempo;652s;temperatura;50.50°C
tempo;653s;temperatura;50.25°C
tempo;654s;temperatura;50.50°C
tempo;655s;temperatura;50.50°C
tempo;656s;temperatura;50.50°C
tempo;657s;temperatura;50.25°C
tempo;658s;temperatura;50.50°C
tempo;659s;temperatura;50.50°C
tempo;660s;temperatura;50.50°C
tempo;661s;temperatura;50.50°C
tempo;662s;temperatura;50.25°C
tempo;663s;temperatura;50.25°C
tempo;664s;temperatura;50.75°C
tempo;665s;temperatura;50.00°C
tempo;666s;temperatura;50.75°C
tempo;667s;temperatura;50.75°C
tempo;668s;temperatura;50.75°C
tempo;669s;temperatura;50.75°C
tempo;670s;temperatura;50.75°C
tempo;671s;temperatura;50.50°C
tempo;672s;temperatura;50.75°C
tempo;673s;temperatura;51.00°C
tempo;674s;temperatura;51.25°C
tempo;675s;temperatura;51.00°C
tempo;676s;temperatura;51.50°C
tempo;677s;temperatura;51.25°C
tempo;678s;temperatura;50.75°C
tempo;679s;temperatura;51.00°C
tempo;680s;temperatura;51.25°C
tempo;681s;temperatura;51.25°C
tempo;682s;temperatura;51.50°C
tempo;683s;temperatura;51.25°C
tempo;684s;temperatura;51.75°C
tempo;685s;temperatura;51.00°C
tempo;686s;temperatura;51.50°C
tempo;687s;temperatura;51.25°C
tempo;688s;temperatura;51.00°C
tempo;689s;temperatura;51.75°C
tempo;690s;temperatura;51.00°C
tempo;691s;temperatura;51.75°C
tempo;692s;temperatura;51.75°C
tempo;693s;temperatura;51.50°C
tempo;694s;temperatura;52.00°C
tempo;695s;temperatura;51.50°C
tempo;696s;temperatura;51.75°C
tempo;697s;temperatura;52.25°C
tempo;698s;temperatura;51.75°C
tempo;699s;temperatura;52.00°C
tempo;700s;temperatura;52.50°C
tempo;701s;temperatura;52.00°C
tempo;702s;temperatura;52.50°C
tempo;703s;temperatura;51.75°C
tempo;704s;temperatura;52.25°C
tempo;705s;temperatura;52.00°C
tempo;706s;temperatura;52.75°C
tempo;707s;temperatura;52.25°C
tempo;708s;temperatura;52.25°C
tempo;709s;temperatura;52.50°C
tempo;710s;temperatura;52.75°C
tempo;711s;temperatura;52.75°C
tempo;712s;temperatura;52.50°C
tempo;713s;temperatura;52.50°C
tempo;714s;temperatura;52.75°C
tempo;715s;temperatura;52.00°C
tempo;716s;temperatura;53.00°C
tempo;717s;temperatura;53.00°C
tempo;718s;temperatura;53.00°C
tempo;719s;temperatura;52.50°C
tempo;720s;temperatura;53.00°C
tempo;721s;temperatura;53.00°C
tempo;722s;temperatura;53.00°C
tempo;723s;temperatura;53.00°C
tempo;724s;temperatura;52.50°C
tempo;725s;temperatura;53.25°C
tempo;726s;temperatura;53.25°C
tempo;727s;temperatura;52.50°C
tempo;728s;temperatura;52.75°C
tempo;729s;temperatura;53.50°C
tempo;730s;temperatura;52.75°C
tempo;731s;temperatura;53.25°C
tempo;732s;temperatura;53.25°C
tempo;733s;temperatura;52.75°C
tempo;734s;temperatura;53.50°C
tempo;735s;temperatura;53.50°C
tempo;736s;temperatura;53.50°C
tempo;737s;temperatura;53.00°C
tempo;738s;temperatura;53.50°C
tempo;739s;temperatura;53.50°C
tempo;740s;temperatura;53.50°C
tempo;741s;temperatura;53.50°C
tempo;742s;temperatura;53.50°C
tempo;743s;temperatura;53.75°C
tempo;744s;temperatura;53.25°C
tempo;745s;temperatura;53.75°C
tempo;746s;temperatura;54.00°C
tempo;747s;temperatura;53.50°C
tempo;748s;temperatura;53.75°C
tempo;749s;temperatura;54.00°C
tempo;750s;temperatura;53.75°C
tempo;751s;temperatura;54.00°C
tempo;752s;temperatura;53.50°C
tempo;753s;temperatura;53.25°C
tempo;754s;temperatura;53.75°C
tempo;755s;temperatura;54.25°C
tempo;756s;temperatura;53.75°C
tempo;757s;temperatura;54.25°C
tempo;758s;temperatura;54.00°C
tempo;759s;temperatura;53.75°C
tempo;760s;temperatura;53.75°C
tempo;761s;temperatura;54.00°C
tempo;762s;temperatura;53.50°C
tempo;763s;temperatura;54.50°C
tempo;764s;temperatura;54.25°C
tempo;765s;temperatura;54.25°C
tempo;766s;temperatura;54.25°C
tempo;767s;temperatura;54.25°C
tempo;768s;temperatura;54.50°C
tempo;769s;temperatura;54.50°C
tempo;770s;temperatura;54.00°C
tempo;771s;temperatura;54.75°C
tempo;772s;temperatura;54.25°C
tempo;773s;temperatura;54.75°C
tempo;774s;temperatura;54.50°C
tempo;775s;temperatura;54.75°C
tempo;776s;temperatura;55.00°C
tempo;777s;temperatura;55.00°C
tempo;778s;temperatura;55.00°C
tempo;779s;temperatura;55.00°C
tempo;780s;temperatura;55.25°C
tempo;781s;temperatura;55.00°C
tempo;782s;temperatura;54.75°C
tempo;783s;temperatura;55.00°C
tempo;784s;temperatura;55.00°C
tempo;785s;temperatura;55.25°C
tempo;786s;temperatura;55.50°C
tempo;787s;temperatura;55.50°C
tempo;788s;temperatura;55.50°C
tempo;789s;temperatura;55.25°C
tempo;790s;temperatura;55.50°C
tempo;791s;temperatura;55.25°C
tempo;792s;temperatura;55.25°C
tempo;793s;temperatura;55.50°C
tempo;794s;temperatura;55.25°C
tempo;795s;temperatura;55.75°C
tempo;796s;temperatura;55.75°C
tempo;797s;temperatura;55.75°C
tempo;798s;temperatura;55.75°C
tempo;799s;temperatura;55.75°C
tempo;800s;temperatura;55.50°C
tempo;801s;temperatura;55.00°C
tempo;802s;temperatura;55.75°C
tempo;803s;temperatura;55.75°C
tempo;804s;temperatura;55.75°C
tempo;805s;temperatura;55.75°C
tempo;806s;temperatura;55.75°C
tempo;807s;temperatura;56.00°C
tempo;808s;temperatura;56.25°C
tempo;809s;temperatura;56.00°C
tempo;810s;temperatura;56.25°C
tempo;811s;temperatura;56.00°C
tempo;812s;temperatura;55.75°C
tempo;813s;temperatura;56.50°C
tempo;814s;temperatura;56.50°C
tempo;815s;temperatura;56.50°C
tempo;816s;temperatura;56.25°C
tempo;817s;temperatura;56.25°C
tempo;818s;temperatura;56.75°C
tempo;819s;temperatura;56.00°C
tempo;820s;temperatura;56.25°C
tempo;821s;temperatura;56.25°C
tempo;822s;temperatura;56.25°C
tempo;823s;temperatura;56.75°C
tempo;824s;temperatura;56.75°C
tempo;825s;temperatura;56.75°C
tempo;826s;temperatura;56.75°C
tempo;827s;temperatura;56.75°C
tempo;828s;temperatura;56.75°C
tempo;829s;temperatura;56.50°C
tempo;830s;temperatura;57.00°C
tempo;831s;temperatura;56.75°C
tempo;832s;temperatura;56.75°C
tempo;833s;temperatura;56.50°C
tempo;834s;temperatura;56.75°C
tempo;835s;temperatura;57.00°C
tempo;836s;temperatura;56.25°C
tempo;837s;temperatura;57.25°C
tempo;838s;temperatura;57.00°C
tempo;839s;temperatura;56.75°C
tempo;840s;temperatura;57.00°C
tempo;841s;temperatura;57.25°C
tempo;842s;temperatura;57.00°C
tempo;843s;temperatura;57.25°C
tempo;844s;temperatura;57.25°C
tempo;845s;temperatura;56.75°C
tempo;846s;temperatura;57.50°C
tempo;847s;temperatura;57.25°C
tempo;848s;temperatura;56.50°C
tempo;849s;temperatura;57.00°C
tempo;850s;temperatura;56.75°C
tempo;851s;temperatura;57.25°C
tempo;852s;temperatura;57.50°C
tempo;853s;temperatura;57.75°C
tempo;854s;temperatura;57.50°C
tempo;855s;temperatura;57.25°C
tempo;856s;temperatura;57.00°C
tempo;857s;temperatura;57.75°C
tempo;858s;temperatura;57.50°C
tempo;859s;temperatura;57.75°C
tempo;860s;temperatura;57.75°C
tempo;861s;temperatura;57.75°C
tempo;862s;temperatura;57.75°C
tempo;863s;temperatura;57.50°C
tempo;864s;temperatura;57.50°C
tempo;865s;temperatura;57.75°C
tempo;866s;temperatura;57.75°C
tempo;867s;temperatura;58.00°C
tempo;868s;temperatura;57.75°C
tempo;869s;temperatura;57.75°C
tempo;870s;temperatura;57.50°C
tempo;871s;temperatura;58.50°C
tempo;872s;temperatura;58.00°C
tempo;873s;temperatura;57.75°C
tempo;874s;temperatura;58.00°C
tempo;875s;temperatura;58.25°C
tempo;876s;temperatura;58.25°C
tempo;877s;temperatura;57.25°C
tempo;878s;temperatura;58.25°C
tempo;879s;temperatura;58.25°C
tempo;880s;temperatura;58.00°C
tempo;881s;temperatura;58.25°C
tempo;882s;temperatura;58.25°C
tempo;883s;temperatura;58.25°C
tempo;884s;temperatura;58.50°C
tempo;885s;temperatura;58.50°C
tempo;886s;temperatura;58.50°C
tempo;887s;temperatura;58.50°C
tempo;888s;temperatura;58.75°C
tempo;889s;temperatura;58.50°C
tempo;890s;temperatura;58.75°C
tempo;891s;temperatura;58.75°C
tempo;892s;temperatura;58.75°C
tempo;893s;temperatura;58.75°C
tempo;894s;temperatura;58.75°C
tempo;895s;temperatura;59.00°C
tempo;896s;temperatura;58.75°C
tempo;897s;temperatura;59.00°C
tempo;898s;temperatura;59.00°C
tempo;899s;temperatura;59.25°C
tempo;900s;temperatura;59.00°C
tempo;901s;temperatura;59.00°C
tempo;902s;temperatura;58.50°C
tempo;903s;temperatura;59.25°C
tempo;904s;temperatura;59.00°C
tempo;905s;temperatura;59.25°C
tempo;906s;temperatura;59.00°C
tempo;907s;temperatura;59.00°C
tempo;908s;temperatura;59.25°C
tempo;909s;temperatura;59.25°C
tempo;910s;temperatura;58.50°C
tempo;911s;temperatura;59.50°C
tempo;912s;temperatura;59.50°C
tempo;913s;temperatura;59.00°C
tempo;914s;temperatura;58.75°C
tempo;915s;temperatura;59.25°C
tempo;916s;temperatura;59.50°C
tempo;917s;temperatura;59.50°C
tempo;918s;temperatura;59.50°C
tempo;919s;temperatura;59.25°C
tempo;920s;temperatura;59.50°C
tempo;921s;temperatura;59.25°C
tempo;922s;temperatura;59.25°C
tempo;923s;temperatura;59.50°C
tempo;924s;temperatura;59.25°C
tempo;925s;temperatura;60.00°C
tempo;926s;temperatura;59.00°C
tempo;927s;temperatura;60.00°C
tempo;928s;temperatura;59.50°C
tempo;929s;temperatura;60.00°C
tempo;930s;temperatura;59.75°C
tempo;931s;temperatura;59.25°C
tempo;932s;temperatura;60.00°C
tempo;933s;temperatura;59.50°C
tempo;934s;temperatura;60.00°C
tempo;935s;temperatura;59.75°C
tempo;936s;temperatura;59.75°C
tempo;937s;temperatura;60.00°C
tempo;938s;temperatura;60.00°C
tempo;939s;temperatura;60.00°C
tempo;940s;temperatura;59.75°C
tempo;941s;temperatura;60.00°C
tempo;942s;temperatura;60.25°C
tempo;943s;temperatura;60.25°C
tempo;944s;temperatura;60.25°C
tempo;945s;temperatura;60.25°C
tempo;946s;temperatura;60.25°C
tempo;947s;temperatura;60.25°C
tempo;948s;temperatura;60.25°C
tempo;949s;temperatura;60.75°C
tempo;950s;temperatura;60.25°C
tempo;951s;temperatura;60.25°C
tempo;952s;temperatura;60.25°C
tempo;953s;temperatura;60.50°C
tempo;954s;temperatura;60.25°C
tempo;955s;temperatura;60.75°C
tempo;956s;temperatura;60.25°C
tempo;957s;temperatura;60.25°C
tempo;958s;temperatura;60.50°C
tempo;959s;temperatura;60.75°C
tempo;960s;temperatura;61.00°C
tempo;961s;temperatura;61.00°C
tempo;962s;temperatura;60.75°C
tempo;963s;temperatura;60.25°C
tempo;964s;temperatura;60.50°C
tempo;965s;temperatura;60.50°C
tempo;966s;temperatura;61.00°C
tempo;967s;temperatura;60.50°C
tempo;968s;temperatura;60.75°C
tempo;969s;temperatura;60.25°C
tempo;970s;temperatura;61.00°C
tempo;971s;temperatura;61.00°C
tempo;972s;temperatura;61.00°C
tempo;973s;temperatura;61.00°C
tempo;974s;temperatura;60.50°C
tempo;975s;temperatura;61.25°C
tempo;976s;temperatura;61.25°C
tempo;977s;temperatura;61.25°C
tempo;978s;temperatura;61.25°C
tempo;979s;temperatura;61.00°C
tempo;980s;temperatura;61.00°C
tempo;981s;temperatura;61.00°C
tempo;982s;temperatura;61.50°C
tempo;983s;temperatura;61.50°C
tempo;984s;temperatura;61.25°C
tempo;985s;temperatura;61.50°C
tempo;986s;temperatura;61.75°C
tempo;987s;temperatura;61.50°C
tempo;988s;temperatura;61.75°C
tempo;989s;temperatura;61.25°C
tempo;990s;temperatura;61.25°C
tempo;991s;temperatura;61.75°C
tempo;992s;temperatura;61.50°C
tempo;993s;temperatura;61.50°C
tempo;994s;temperatura;61.75°C
tempo;995s;temperatura;61.50°C
tempo;996s;temperatura;61.75°C
tempo;997s;temperatura;61.50°C
tempo;998s;temperatura;61.50°C
tempo;999s;temperatura;61.50°C
tempo;1000s;temperatura;62.00°C
tempo;1001s;temperatura;61.75°C
tempo;1002s;temperatura;61.25°C
tempo;1003s;temperatura;61.75°C
tempo;1004s;temperatura;62.00°C
tempo;1005s;temperatura;62.00°C
tempo;1006s;temperatura;61.75°C
tempo;1007s;temperatura;61.50°C
tempo;1008s;temperatura;62.50°C
tempo;1009s;temperatura;62.00°C
tempo;1010s;temperatura;62.00°C
tempo;1011s;temperatura;62.25°C
tempo;1012s;temperatura;62.00°C
tempo;1013s;temperatura;62.25°C
tempo;1014s;temperatura;61.50°C
tempo;1015s;temperatura;61.75°C
tempo;1016s;temperatura;61.75°C
tempo;1017s;temperatura;61.75°C
tempo;1018s;temperatura;62.25°C
tempo;1019s;temperatura;61.75°C
tempo;1020s;temperatura;62.25°C
tempo;1021s;temperatura;62.50°C
tempo;1022s;temperatura;62.50°C
tempo;1023s;temperatura;62.25°C
tempo;1024s;temperatura;62.25°C
tempo;1025s;temperatura;62.50°C
tempo;1026s;temperatura;62.00°C
tempo;1027s;temperatura;62.50°C
tempo;1028s;temperatura;62.25°C
tempo;1029s;temperatura;62.00°C
tempo;1030s;temperatura;62.75°C
tempo;1031s;temperatura;62.25°C
tempo;1032s;temperatura;62.25°C
tempo;1033s;temperatura;62.75°C
tempo;1034s;temperatura;62.00°C
tempo;1035s;temperatura;62.50°C
tempo;1036s;temperatura;62.25°C
tempo;1037s;temperatura;62.75°C
tempo;1038s;temperatura;62.75°C
tempo;1039s;temperatura;62.75°C
tempo;1040s;temperatura;62.75°C
tempo;1041s;temperatura;62.50°C
tempo;1042s;temperatura;63.00°C
tempo;1043s;temperatura;62.75°C
tempo;1044s;temperatura;62.75°C
tempo;1045s;temperatura;62.25°C
tempo;1046s;temperatura;63.00°C
tempo;1047s;temperatura;63.00°C
tempo;1048s;temperatura;63.00°C
tempo;1049s;temperatura;62.75°C
tempo;1050s;temperatura;63.00°C
tempo;1051s;temperatura;63.50°C
tempo;1052s;temperatura;63.25°C
tempo;1053s;temperatura;63.00°C
tempo;1054s;temperatura;63.25°C
tempo;1055s;temperatura;63.50°C
tempo;1056s;temperatura;63.25°C
tempo;1057s;temperatura;63.50°C
tempo;1058s;temperatura;63.25°C
tempo;1059s;temperatura;62.75°C
tempo;1060s;temperatura;63.25°C
tempo;1061s;temperatura;63.25°C
tempo;1062s;temperatura;63.50°C
tempo;1063s;temperatura;63.00°C
tempo;1064s;temperatura;63.25°C
tempo;1065s;temperatura;63.50°C
tempo;1066s;temperatura;63.00°C
tempo;1067s;temperatura;63.25°C
tempo;1068s;temperatura;63.50°C
tempo;1069s;temperatura;63.25°C
tempo;1070s;temperatura;63.50°C
tempo;1071s;temperatura;63.75°C
tempo;1072s;temperatura;63.50°C
tempo;1073s;temperatura;63.50°C
tempo;1074s;temperatura;63.25°C
tempo;1075s;temperatura;63.75°C
tempo;1076s;temperatura;63.75°C
tempo;1077s;temperatura;63.75°C
tempo;1078s;temperatura;63.25°C
tempo;1079s;temperatura;63.75°C
tempo;1080s;temperatura;63.75°C
tempo;1081s;temperatura;64.00°C
tempo;1082s;temperatura;63.50°C
tempo;1083s;temperatura;63.75°C
tempo;1084s;temperatura;63.00°C
tempo;1085s;temperatura;63.75°C
tempo;1086s;temperatura;64.00°C
tempo;1087s;temperatura;63.75°C
tempo;1088s;temperatura;64.00°C
tempo;1089s;temperatura;63.75°C
tempo;1090s;temperatura;64.00°C
tempo;1091s;temperatura;64.00°C
tempo;1092s;temperatura;64.00°C
tempo;1093s;temperatura;64.00°C
tempo;1094s;temperatura;63.75°C
tempo;1095s;temperatura;63.75°C
tempo;1096s;temperatura;64.00°C
tempo;1097s;temperatura;64.00°C
tempo;1098s;temperatura;64.25°C
tempo;1099s;temperatura;64.25°C
tempo;1100s;temperatura;63.75°C
tempo;1101s;temperatura;64.25°C
tempo;1102s;temperatura;63.50°C
tempo;1103s;temperatura;64.00°C
tempo;1104s;temperatura;64.25°C
tempo;1105s;temperatura;63.75°C
tempo;1106s;temperatura;64.00°C
tempo;1107s;temperatura;63.75°C
tempo;1108s;temperatura;64.25°C
tempo;1109s;temperatura;64.25°C
tempo;1110s;temperatura;64.00°C
tempo;1111s;temperatura;64.25°C
tempo;1112s;temperatura;64.50°C
tempo;1113s;temperatura;64.25°C
tempo;1114s;temperatura;64.00°C
tempo;1115s;temperatura;64.00°C
tempo;1116s;temperatura;64.25°C
tempo;1117s;temperatura;64.25°C
tempo;1118s;temperatura;64.00°C
tempo;1119s;temperatura;64.25°C
tempo;1120s;temperatura;64.50°C
tempo;1121s;temperatura;64.75°C
tempo;1122s;temperatura;64.50°C
tempo;1123s;temperatura;64.50°C
tempo;1124s;temperatura;64.25°C
tempo;1125s;temperatura;64.75°C
tempo;1126s;temperatura;64.50°C
tempo;1127s;temperatura;64.75°C
tempo;1128s;temperatura;64.75°C
tempo;1129s;temperatura;64.75°C
tempo;1130s;temperatura;64.25°C
tempo;1131s;temperatura;64.75°C
tempo;1132s;temperatura;64.50°C
tempo;1133s;temperatura;64.75°C
tempo;1134s;temperatura;64.25°C
tempo;1135s;temperatura;64.75°C
tempo;1136s;temperatura;65.00°C
tempo;1137s;temperatura;64.50°C
tempo;1138s;temperatura;64.50°C
tempo;1139s;temperatura;64.25°C
tempo;1140s;temperatura;64.50°C
tempo;1141s;temperatura;65.25°C
tempo;1142s;temperatura;64.75°C
tempo;1143s;temperatura;64.75°C
tempo;1144s;temperatura;65.25°C
tempo;1145s;temperatura;64.75°C
tempo;1146s;temperatura;64.75°C
tempo;1147s;temperatura;65.00°C
tempo;1148s;temperatura;65.25°C
tempo;1149s;temperatura;65.25°C
tempo;1150s;temperatura;65.00°C
tempo;1151s;temperatura;65.25°C
tempo;1152s;temperatura;65.25°C
tempo;1153s;temperatura;65.50°C
tempo;1154s;temperatura;65.25°C
tempo;1155s;temperatura;65.50°C
tempo;1156s;temperatura;65.25°C
tempo;1157s;temperatura;65.25°C
tempo;1158s;temperatura;65.50°C
tempo;1159s;temperatura;65.25°C
tempo;1160s;temperatura;65.00°C
tempo;1161s;temperatura;65.50°C
tempo;1162s;temperatura;65.00°C
tempo;1163s;temperatura;65.50°C
tempo;1164s;temperatura;65.50°C
tempo;1165s;temperatura;65.25°C
tempo;1166s;temperatura;65.25°C
tempo;1167s;temperatura;65.50°C
tempo;1168s;temperatura;65.00°C
tempo;1169s;temperatura;65.50°C
tempo;1170s;temperatura;65.50°C
tempo;1171s;temperatura;65.50°C
tempo;1172s;temperatura;65.75°C
tempo;1173s;temperatura;65.75°C
tempo;1174s;temperatura;65.50°C
tempo;1175s;temperatura;65.00°C
tempo;1176s;temperatura;65.50°C
tempo;1177s;temperatura;65.75°C
tempo;1178s;temperatura;66.00°C
tempo;1179s;temperatura;65.00°C
tempo;1180s;temperatura;66.00°C
tempo;1181s;temperatura;65.50°C
tempo;1182s;temperatura;65.50°C
tempo;1183s;temperatura;65.25°C
tempo;1184s;temperatura;65.75°C
tempo;1185s;temperatura;65.25°C
tempo;1186s;temperatura;65.50°C
tempo;1187s;temperatura;65.75°C
tempo;1188s;temperatura;66.00°C
tempo;1189s;temperatura;65.50°C
tempo;1190s;temperatura;66.00°C
tempo;1191s;temperatura;66.00°C
tempo;1192s;temperatura;65.50°C
tempo;1193s;temperatura;65.50°C
tempo;1194s;temperatura;66.00°C
tempo;1195s;temperatura;66.00°C
tempo;1196s;temperatura;65.75°C
tempo;1197s;temperatura;66.00°C
tempo;1198s;temperatura;65.75°C
tempo;1199s;temperatura;66.00°C
tempo;1200s;temperatura;65.50°C
tempo;1201s;temperatura;66.25°C
tempo;1202s;temperatura;66.25°C
tempo;1203s;temperatura;66.25°C
tempo;1204s;temperatura;66.25°C
tempo;1205s;temperatura;66.00°C
tempo;1206s;temperatura;65.75°C
tempo;1207s;temperatura;65.75°C
tempo;1208s;temperatura;66.00°C
tempo;1209s;temperatura;66.25°C
tempo;1210s;temperatura;66.00°C
tempo;1211s;temperatura;66.50°C
tempo;1212s;temperatura;66.25°C
tempo;1213s;temperatura;66.25°C
tempo;1214s;temperatura;66.25°C
tempo;1215s;temperatura;66.00°C
tempo;1216s;temperatura;66.25°C
tempo;1217s;temperatura;66.75°C
tempo;1218s;temperatura;66.50°C
tempo;1219s;temperatura;66.50°C
tempo;1220s;temperatura;66.25°C
tempo;1221s;temperatura;66.50°C
tempo;1222s;temperatura;66.25°C
tempo;1223s;temperatura;66.50°C
tempo;1224s;temperatura;66.50°C
tempo;1225s;temperatura;66.50°C
tempo;1226s;temperatura;66.75°C
tempo;1227s;temperatura;66.50°C
tempo;1228s;temperatura;66.25°C
tempo;1229s;temperatura;67.00°C
tempo;1230s;temperatura;66.75°C
tempo;1231s;temperatura;67.00°C
tempo;1232s;temperatura;66.50°C
tempo;1233s;temperatura;66.75°C
tempo;1234s;temperatura;67.00°C
tempo;1235s;temperatura;66.50°C
tempo;1236s;temperatura;66.50°C
tempo;1237s;temperatura;67.00°C
tempo;1238s;temperatura;66.75°C
tempo;1239s;temperatura;66.75°C
tempo;1240s;temperatura;67.25°C
tempo;1241s;temperatura;67.00°C
tempo;1242s;temperatura;66.50°C
tempo;1243s;temperatura;67.50°C
tempo;1244s;temperatura;67.00°C
tempo;1245s;temperatura;67.00°C
tempo;1246s;temperatura;66.75°C
tempo;1247s;temperatura;67.50°C
tempo;1248s;temperatura;67.00°C
tempo;1249s;temperatura;67.00°C
tempo;1250s;temperatura;67.50°C
tempo;1251s;temperatura;67.00°C
tempo;1252s;temperatura;66.75°C
tempo;1253s;temperatura;67.25°C
tempo;1254s;temperatura;67.00°C
tempo;1255s;temperatura;66.75°C
tempo;1256s;temperatura;67.25°C
tempo;1257s;temperatura;67.00°C
tempo;1258s;temperatura;67.00°C
tempo;1259s;temperatura;67.25°C
tempo;1260s;temperatura;67.25°C
tempo;1261s;temperatura;67.50°C
tempo;1262s;temperatura;67.25°C
tempo;1263s;temperatura;67.25°C
tempo;1264s;temperatura;67.25°C
tempo;1265s;temperatura;67.25°C
tempo;1266s;temperatura;67.00°C
tempo;1267s;temperatura;67.25°C
tempo;1268s;temperatura;67.25°C
tempo;1269s;temperatura;67.25°C
tempo;1270s;temperatura;67.25°C
tempo;1271s;temperatura;67.00°C
tempo;1272s;temperatura;67.25°C
tempo;1273s;temperatura;66.75°C
tempo;1274s;temperatura;67.50°C
tempo;1275s;temperatura;67.25°C
tempo;1276s;temperatura;67.25°C
tempo;1277s;temperatura;67.75°C
tempo;1278s;temperatura;67.50°C
tempo;1279s;temperatura;67.75°C
tempo;1280s;temperatura;67.50°C
tempo;1281s;temperatura;67.50°C
tempo;1282s;temperatura;67.75°C
tempo;1283s;temperatura;68.00°C
tempo;1284s;temperatura;67.75°C
tempo;1285s;temperatura;67.50°C
tempo;1286s;temperatura;67.50°C
tempo;1287s;temperatura;67.75°C
tempo;1288s;temperatura;68.00°C
tempo;1289s;temperatura;67.75°C
tempo;1290s;temperatura;67.75°C
tempo;1291s;temperatura;67.75°C
tempo;1292s;temperatura;68.00°C
tempo;1293s;temperatura;68.00°C
tempo;1294s;temperatura;67.25°C
tempo;1295s;temperatura;67.75°C
tempo;1296s;temperatura;68.25°C
tempo;1297s;temperatura;68.25°C
tempo;1298s;temperatura;67.75°C
tempo;1299s;temperatura;68.00°C
tempo;1300s;temperatura;68.00°C
tempo;1301s;temperatura;68.25°C
tempo;1302s;temperatura;68.50°C
tempo;1303s;temperatura;68.00°C
tempo;1304s;temperatura;67.75°C
tempo;1305s;temperatura;68.00°C
tempo;1306s;temperatura;67.75°C
tempo;1307s;temperatura;67.75°C
tempo;1308s;temperatura;68.00°C
tempo;1309s;temperatura;68.25°C
tempo;1310s;temperatura;68.25°C
tempo;1311s;temperatura;68.00°C
tempo;1312s;temperatura;68.25°C
tempo;1313s;temperatura;68.25°C
tempo;1314s;temperatura;68.25°C
tempo;1315s;temperatura;67.75°C
tempo;1316s;temperatura;68.00°C
tempo;1317s;temperatura;68.25°C
tempo;1318s;temperatura;67.50°C
tempo;1319s;temperatura;68.00°C
tempo;1320s;temperatura;68.50°C
tempo;1321s;temperatura;68.75°C
tempo;1322s;temperatura;68.25°C
tempo;1323s;temperatura;68.00°C
tempo;1324s;temperatura;68.75°C
tempo;1325s;temperatura;68.25°C
tempo;1326s;temperatura;68.50°C
tempo;1327s;temperatura;68.25°C
tempo;1328s;temperatura;68.50°C
tempo;1329s;temperatura;68.75°C
tempo;1330s;temperatura;68.50°C
tempo;1331s;temperatura;68.75°C
tempo;1332s;temperatura;68.50°C
tempo;1333s;temperatura;68.50°C
tempo;1334s;temperatura;68.00°C
tempo;1335s;temperatura;68.25°C
tempo;1336s;temperatura;69.00°C
tempo;1337s;temperatura;68.75°C
tempo;1338s;temperatura;68.25°C
tempo;1339s;temperatura;68.75°C
tempo;1340s;temperatura;69.00°C
tempo;1341s;temperatura;69.00°C
tempo;1342s;temperatura;69.00°C
tempo;1343s;temperatura;69.00°C
tempo;1344s;temperatura;69.00°C
tempo;1345s;temperatura;69.00°C
tempo;1346s;temperatura;68.75°C
tempo;1347s;temperatura;69.00°C
tempo;1348s;temperatura;68.75°C
tempo;1349s;temperatura;68.50°C
tempo;1350s;temperatura;68.75°C
tempo;1351s;temperatura;69.00°C
tempo;1352s;temperatura;68.50°C
tempo;1353s;temperatura;69.00°C
tempo;1354s;temperatura;68.50°C
tempo;1355s;temperatura;68.75°C
tempo;1356s;temperatura;69.00°C
tempo;1357s;temperatura;69.25°C
tempo;1358s;temperatura;69.00°C
tempo;1359s;temperatura;69.25°C
tempo;1360s;temperatura;68.75°C
tempo;1361s;temperatura;69.25°C
tempo;1362s;temperatura;69.25°C
tempo;1363s;temperatura;68.75°C
tempo;1364s;temperatura;68.75°C
tempo;1365s;temperatura;69.00°C
tempo;1366s;temperatura;68.75°C
tempo;1367s;temperatura;69.25°C
tempo;1368s;temperatura;69.00°C
tempo;1369s;temperatura;69.50°C
tempo;1370s;temperatura;69.25°C
tempo;1371s;temperatura;69.25°C
tempo;1372s;temperatura;69.25°C
tempo;1373s;temperatura;69.25°C
tempo;1374s;temperatura;69.25°C
tempo;1375s;temperatura;69.00°C
tempo;1376s;temperatura;69.50°C
tempo;1377s;temperatura;69.25°C
tempo;1378s;temperatura;69.25°C
tempo;1379s;temperatura;69.25°C
tempo;1380s;temperatura;69.75°C
tempo;1381s;temperatura;69.50°C
tempo;1382s;temperatura;69.75°C
tempo;1383s;temperatura;69.25°C
tempo;1384s;temperatura;69.75°C
tempo;1385s;temperatura;69.50°C
tempo;1386s;temperatura;69.50°C
tempo;1387s;temperatura;69.75°C
tempo;1388s;temperatura;69.25°C
tempo;1389s;temperatura;69.50°C
tempo;1390s;temperatura;69.75°C
tempo;1391s;temperatura;69.00°C
tempo;1392s;temperatura;69.75°C
tempo;1393s;temperatura;69.50°C
tempo;1394s;temperatura;69.75°C
tempo;1395s;temperatura;69.50°C
tempo;1396s;temperatura;69.75°C
tempo;1397s;temperatura;69.25°C
tempo;1398s;temperatura;69.75°C
tempo;1399s;temperatura;69.75°C
tempo;1400s;temperatura;69.50°C
tempo;1401s;temperatura;69.25°C
tempo;1402s;temperatura;69.75°C
tempo;1403s;temperatura;69.50°C
tempo;1404s;temperatura;69.75°C
tempo;1405s;temperatura;69.75°C
tempo;1406s;temperatura;69.25°C
tempo;1407s;temperatura;70.00°C
tempo;1408s;temperatura;69.75°C
tempo;1409s;temperatura;69.75°C
tempo;1410s;temperatura;69.75°C
tempo;1411s;temperatura;70.25°C
tempo;1412s;temperatura;69.75°C
tempo;1413s;temperatura;70.00°C
tempo;1414s;temperatura;70.00°C
tempo;1415s;temperatura;70.00°C
tempo;1416s;temperatura;70.00°C
tempo;1417s;temperatura;69.75°C
tempo;1418s;temperatura;69.50°C
tempo;1419s;temperatura;69.75°C
tempo;1420s;temperatura;70.25°C
tempo;1421s;temperatura;70.00°C
tempo;1422s;temperatura;70.00°C
tempo;1423s;temperatura;70.25°C
tempo;1424s;temperatura;69.75°C
tempo;1425s;temperatura;70.00°C
tempo;1426s;temperatura;70.25°C
tempo;1427s;temperatura;70.25°C
tempo;1428s;temperatura;70.25°C
tempo;1429s;temperatura;70.00°C
tempo;1430s;temperatura;69.75°C
tempo;1431s;temperatura;69.75°C
tempo;1432s;temperatura;70.00°C
tempo;1433s;temperatura;70.00°C
tempo;1434s;temperatura;70.00°C
tempo;1435s;temperatura;70.25°C
tempo;1436s;temperatura;70.25°C
tempo;1437s;temperatura;70.25°C
tempo;1438s;temperatura;70.25°C
tempo;1439s;temperatura;70.00°C
tempo;1440s;temperatura;70.25°C
tempo;1441s;temperatura;70.00°C
tempo;1442s;temperatura;70.25°C
tempo;1443s;temperatura;69.75°C
tempo;1444s;temperatura;69.75°C
tempo;1445s;temperatura;70.00°C
tempo;1446s;temperatura;70.00°C
tempo;1447s;temperatura;70.25°C
tempo;1448s;temperatura;70.50°C
tempo;1449s;temperatura;70.50°C
tempo;1450s;temperatura;70.50°C
tempo;1451s;temperatura;70.50°C
tempo;1452s;temperatura;70.00°C
tempo;1453s;temperatura;70.50°C
tempo;1454s;temperatura;70.00°C
tempo;1455s;temperatura;70.25°C
tempo;1456s;temperatura;70.50°C
tempo;1457s;temperatura;70.50°C
tempo;1458s;temperatura;70.25°C
tempo;1459s;temperatura;70.50°C
tempo;1460s;temperatura;70.50°C
tempo;1461s;temperatura;70.50°C
tempo;1462s;temperatura;70.50°C
tempo;1463s;temperatura;70.75°C
tempo;1464s;temperatura;70.50°C
tempo;1465s;temperatura;70.50°C
tempo;1466s;temperatura;70.50°C
tempo;1467s;temperatura;70.50°C
tempo;1468s;temperatura;71.00°C
tempo;1469s;temperatura;70.75°C
tempo;1470s;temperatura;70.50°C
tempo;1471s;temperatura;70.00°C
tempo;1472s;temperatura;70.75°C
tempo;1473s;temperatura;70.50°C
tempo;1474s;temperatura;70.50°C
tempo;1475s;temperatura;71.00°C
tempo;1476s;temperatura;70.75°C
tempo;1477s;temperatura;70.75°C
tempo;1478s;temperatura;70.75°C
tempo;1479s;temperatura;70.50°C
tempo;1480s;temperatura;71.00°C
tempo;1481s;temperatura;71.00°C
tempo;1482s;temperatura;71.00°C
tempo;1483s;temperatura;70.75°C
tempo;1484s;temperatura;70.75°C
tempo;1485s;temperatura;71.00°C
tempo;1486s;temperatura;71.00°C
tempo;1487s;temperatura;71.00°C
tempo;1488s;temperatura;71.00°C
tempo;1489s;temperatura;70.50°C
tempo;1490s;temperatura;70.75°C
tempo;1491s;temperatura;71.00°C
tempo;1492s;temperatura;70.75°C
tempo;1493s;temperatura;70.50°C
tempo;1494s;temperatura;70.50°C
tempo;1495s;temperatura;71.00°C
tempo;1496s;temperatura;71.00°C
tempo;1497s;temperatura;71.00°C
tempo;1498s;temperatura;71.00°C
tempo;1499s;temperatura;70.75°C
tempo;1500s;temperatura;71.00°C
tempo;1501s;temperatura;70.25°C
tempo;1502s;temperatura;70.75°C
tempo;1503s;temperatura;70.75°C
tempo;1504s;temperatura;71.25°C
tempo;1505s;temperatura;71.00°C
tempo;1506s;temperatura;71.00°C
tempo;1507s;temperatura;71.00°C
tempo;1508s;temperatura;71.00°C
tempo;1509s;temperatura;71.00°C
tempo;1510s;temperatura;70.75°C
tempo;1511s;temperatura;71.00°C
tempo;1512s;temperatura;71.25°C
tempo;1513s;temperatura;71.00°C
tempo;1514s;temperatura;71.00°C
tempo;1515s;temperatura;71.00°C
tempo;1516s;temperatura;71.50°C
tempo;1517s;temperatura;71.00°C
tempo;1518s;temperatura;71.25°C
tempo;1519s;temperatura;71.00°C
tempo;1520s;temperatura;71.00°C
tempo;1521s;temperatura;71.00°C
tempo;1522s;temperatura;71.50°C
tempo;1523s;temperatura;71.00°C
tempo;1524s;temperatura;71.50°C
tempo;1525s;temperatura;71.00°C
tempo;1526s;temperatura;71.50°C
tempo;1527s;temperatura;71.00°C
tempo;1528s;temperatura;71.50°C
tempo;1529s;temperatura;71.50°C
tempo;1530s;temperatura;71.25°C
tempo;1531s;temperatura;71.00°C
tempo;1532s;temperatura;71.25°C
tempo;1533s;temperatura;71.50°C
tempo;1534s;temperatura;71.50°C
tempo;1535s;temperatura;71.25°C
tempo;1536s;temperatura;71.50°C
tempo;1537s;temperatura;71.25°C
tempo;1538s;temperatura;71.50°C
tempo;1539s;temperatura;71.50°C
tempo;1540s;temperatura;71.50°C
tempo;1541s;temperatura;71.50°C
tempo;1542s;temperatura;71.50°C
tempo;1543s;temperatura;71.75°C
tempo;1544s;temperatura;71.25°C
tempo;1545s;temperatura;71.25°C
tempo;1546s;temperatura;71.50°C
tempo;1547s;temperatura;71.75°C
tempo;1548s;temperatura;71.50°C
tempo;1549s;temperatura;71.75°C
tempo;1550s;temperatura;71.25°C
tempo;1551s;temperatura;71.50°C
tempo;1552s;temperatura;71.75°C
tempo;1553s;temperatura;71.25°C
tempo;1554s;temperatura;71.75°C
tempo;1555s;temperatura;71.75°C
tempo;1556s;temperatura;72.00°C
tempo;1557s;temperatura;71.75°C
tempo;1558s;temperatura;72.00°C
tempo;1559s;temperatura;72.00°C
tempo;1560s;temperatura;71.25°C
tempo;1561s;temperatura;71.75°C
tempo;1562s;temperatura;71.75°C
tempo;1563s;temperatura;71.75°C
tempo;1564s;temperatura;72.00°C
tempo;1565s;temperatura;72.00°C
tempo;1566s;temperatura;72.00°C
tempo;1567s;temperatura;71.75°C
tempo;1568s;temperatura;71.50°C
tempo;1569s;temperatura;71.75°C
tempo;1570s;temperatura;72.00°C
tempo;1571s;temperatura;72.00°C
tempo;1572s;temperatura;71.75°C
tempo;1573s;temperatura;72.00°C
tempo;1574s;temperatura;71.75°C
tempo;1575s;temperatura;72.00°C
tempo;1576s;temperatura;71.75°C
tempo;1577s;temperatura;71.75°C
tempo;1578s;temperatura;71.50°C
tempo;1579s;temperatura;71.75°C
tempo;1580s;temperatura;71.75°C
tempo;1581s;temperatura;72.00°C
tempo;1582s;temperatura;72.00°C
tempo;1583s;temperatura;71.75°C
tempo;1584s;temperatura;71.50°C
tempo;1585s;temperatura;71.75°C
tempo;1586s;temperatura;72.00°C
tempo;1587s;temperatura;72.25°C
tempo;1588s;temperatura;72.00°C
tempo;1589s;temperatura;72.00°C
tempo;1590s;temperatura;72.00°C
tempo;1591s;temperatura;72.00°C
tempo;1592s;temperatura;71.75°C
tempo;1593s;temperatura;71.75°C
tempo;1594s;temperatura;72.00°C
tempo;1595s;temperatura;72.25°C
tempo;1596s;temperatura;72.25°C
tempo;1597s;temperatura;71.75°C
tempo;1598s;temperatura;71.75°C
tempo;1599s;temperatura;72.00°C
tempo;1600s;temperatura;72.00°C
tempo;1601s;temperatura;72.50°C
tempo;1602s;temperatura;72.25°C
tempo;1603s;temperatura;72.25°C
tempo;1604s;temperatura;72.25°C
tempo;1605s;temperatura;72.25°C
tempo;1606s;temperatura;72.00°C
tempo;1607s;temperatura;72.25°C
tempo;1608s;temperatura;72.00°C
tempo;1609s;temperatura;72.25°C
tempo;1610s;temperatura;71.50°C
tempo;1611s;temperatura;72.25°C
tempo;1612s;temperatura;72.00°C
tempo;1613s;temperatura;72.00°C
tempo;1614s;temperatura;71.75°C
tempo;1615s;temperatura;71.75°C
tempo;1616s;temperatura;72.25°C
tempo;1617s;temperatura;72.25°C
tempo;1618s;temperatura;72.00°C
tempo;1619s;temperatura;71.75°C
tempo;1620s;temperatura;72.00°C
tempo;1621s;temperatura;72.25°C
tempo;1622s;temperatura;72.50°C
tempo;1623s;temperatura;72.25°C
tempo;1624s;temperatura;72.50°C
tempo;1625s;temperatura;72.25°C
tempo;1626s;temperatura;72.25°C
tempo;1627s;temperatura;72.50°C
tempo;1628s;temperatura;72.75°C
tempo;1629s;temperatura;72.25°C
tempo;1630s;temperatura;72.25°C
tempo;1631s;temperatura;72.75°C
tempo;1632s;temperatura;72.25°C
tempo;1633s;temperatura;72.50°C
tempo;1634s;temperatura;72.50°C
tempo;1635s;temperatura;72.00°C
tempo;1636s;temperatura;72.50°C
tempo;1637s;temperatura;72.50°C
tempo;1638s;temperatura;72.50°C
tempo;1639s;temperatura;72.50°C
tempo;1640s;temperatura;72.50°C
tempo;1641s;temperatura;73.00°C
tempo;1642s;temperatura;72.75°C
tempo;1643s;temperatura;72.50°C
tempo;1644s;temperatura;72.25°C
tempo;1645s;temperatura;72.75°C
tempo;1646s;temperatura;72.50°C
tempo;1647s;temperatura;72.50°C
tempo;1648s;temperatura;72.50°C
tempo;1649s;temperatura;72.75°C
tempo;1650s;temperatura;72.75°C
tempo;1651s;temperatura;72.50°C
tempo;1652s;temperatura;72.50°C
tempo;1653s;temperatura;72.75°C
tempo;1654s;temperatura;72.75°C
tempo;1655s;temperatura;72.50°C
tempo;1656s;temperatura;72.75°C
tempo;1657s;temperatura;72.75°C
tempo;1658s;temperatura;72.75°C
tempo;1659s;temperatura;72.75°C
tempo;1660s;temperatura;72.00°C
tempo;1661s;temperatura;72.75°C
tempo;1662s;temperatura;72.25°C
tempo;1663s;temperatura;72.50°C
tempo;1664s;temperatura;72.50°C
tempo;1665s;temperatura;73.25°C
tempo;1666s;temperatura;73.00°C
tempo;1667s;temperatura;73.00°C
tempo;1668s;temperatura;72.50°C
tempo;1669s;temperatura;72.75°C
tempo;1670s;temperatura;73.00°C
tempo;1671s;temperatura;72.75°C
tempo;1672s;temperatura;72.75°C
tempo;1673s;temperatura;72.75°C
tempo;1674s;temperatura;73.00°C
tempo;1675s;temperatura;72.75°C
tempo;1676s;temperatura;73.00°C
tempo;1677s;temperatura;73.00°C
tempo;1678s;temperatura;72.50°C
tempo;1679s;temperatura;73.00°C
tempo;1680s;temperatura;73.00°C
tempo;1681s;temperatura;72.50°C
tempo;1682s;temperatura;72.75°C
tempo;1683s;temperatura;72.75°C
tempo;1684s;temperatura;73.00°C
tempo;1685s;temperatura;72.75°C
tempo;1686s;temperatura;72.75°C
tempo;1687s;temperatura;73.25°C
tempo;1688s;temperatura;72.75°C
tempo;1689s;temperatura;72.50°C
tempo;1690s;temperatura;73.00°C
tempo;1691s;temperatura;73.00°C
tempo;1692s;temperatura;73.00°C
tempo;1693s;temperatura;73.25°C
tempo;1694s;temperatura;73.00°C
tempo;1695s;temperatura;73.25°C
tempo;1696s;temperatura;73.00°C
tempo;1697s;temperatura;73.50°C
tempo;1698s;temperatura;73.00°C
tempo;1699s;temperatura;72.75°C
tempo;1700s;temperatura;72.75°C
tempo;1701s;temperatura;73.25°C
tempo;1702s;temperatura;73.00°C
tempo;1703s;temperatura;73.00°C
tempo;1704s;temperatura;72.75°C
tempo;1705s;temperatura;72.75°C
tempo;1706s;temperatura;73.00°C
tempo;1707s;temperatura;73.00°C
tempo;1708s;temperatura;73.00°C
tempo;1709s;temperatura;73.25°C
tempo;1710s;temperatura;72.75°C
tempo;1711s;temperatura;73.50°C
tempo;1712s;temperatura;73.25°C
tempo;1713s;temperatura;73.50°C
tempo;1714s;temperatura;72.75°C
tempo;1715s;temperatura;73.50°C
tempo;1716s;temperatura;73.50°C
tempo;1717s;temperatura;73.50°C
tempo;1718s;temperatura;73.50°C
tempo;1719s;temperatura;73.50°C
tempo;1720s;temperatura;72.75°C
tempo;1721s;temperatura;73.50°C
tempo;1722s;temperatura;73.25°C
tempo;1723s;temperatura;73.25°C
tempo;1724s;temperatura;73.50°C
tempo;1725s;temperatura;73.50°C
tempo;1726s;temperatura;73.25°C
tempo;1727s;temperatura;73.50°C
tempo;1728s;temperatura;73.50°C
tempo;1729s;temperatura;73.25°C
tempo;1730s;temperatura;73.75°C
tempo;1731s;temperatura;73.00°C
tempo;1732s;temperatura;73.75°C
tempo;1733s;temperatura;73.75°C
tempo;1734s;temperatura;73.50°C
tempo;1735s;temperatura;73.25°C
tempo;1736s;temperatura;73.50°C
tempo;1737s;temperatura;73.50°C
tempo;1738s;temperatura;73.50°C
tempo;1739s;temperatura;73.75°C
tempo;1740s;temperatura;73.50°C
tempo;1741s;temperatura;73.50°C
tempo;1742s;temperatura;73.25°C
tempo;1743s;temperatura;73.50°C
tempo;1744s;temperatura;73.50°C
tempo;1745s;temperatura;73.00°C
tempo;1746s;temperatura;73.50°C
tempo;1747s;temperatura;73.75°C
tempo;1748s;temperatura;73.50°C
tempo;1749s;temperatura;73.50°C
tempo;1750s;temperatura;73.50°C
tempo;1751s;temperatura;73.75°C
tempo;1752s;temperatura;73.75°C
tempo;1753s;temperatura;73.75°C
tempo;1754s;temperatura;74.00°C
tempo;1755s;temperatura;73.50°C
tempo;1756s;temperatura;73.75°C
tempo;1757s;temperatura;73.75°C
tempo;1758s;temperatura;73.75°C
tempo;1759s;temperatura;73.75°C
tempo;1760s;temperatura;73.25°C
tempo;1761s;temperatura;73.25°C
tempo;1762s;temperatura;74.00°C
tempo;1763s;temperatura;73.75°C
tempo;1764s;temperatura;73.50°C
tempo;1765s;temperatura;73.75°C
tempo;1766s;temperatura;74.00°C
tempo;1767s;temperatura;73.75°C
tempo;1768s;temperatura;74.00°C
tempo;1769s;temperatura;73.50°C
tempo;1770s;temperatura;73.75°C
tempo;1771s;temperatura;73.75°C
tempo;1772s;temperatura;74.00°C
tempo;1773s;temperatura;73.50°C
tempo;1774s;temperatura;73.50°C
tempo;1775s;temperatura;73.50°C
tempo;1776s;temperatura;73.75°C
tempo;1777s;temperatura;74.00°C
tempo;1778s;temperatura;74.25°C
tempo;1779s;temperatura;73.75°C
tempo;1780s;temperatura;73.75°C
tempo;1781s;temperatura;74.00°C
tempo;1782s;temperatura;73.75°C
tempo;1783s;temperatura;73.75°C
tempo;1784s;temperatura;73.75°C
tempo;1785s;temperatura;74.25°C
tempo;1786s;temperatura;73.75°C
tempo;1787s;temperatura;73.50°C
tempo;1788s;temperatura;74.25°C
tempo;1789s;temperatura;74.00°C
tempo;1790s;temperatura;74.25°C
tempo;1791s;temperatura;74.25°C
tempo;1792s;temperatura;73.75°C
tempo;1793s;temperatura;74.00°C
tempo;1794s;temperatura;74.00°C
tempo;1795s;temperatura;74.25°C
tempo;1796s;temperatura;74.00°C
tempo;1797s;temperatura;73.75°C
tempo;1798s;temperatura;74.50°C
tempo;1799s;temperatura;74.25°C
tempo;1800s;temperatura;74.00°C
tempo;1801s;temperatura;74.25°C
tempo;1802s;temperatura;74.00°C
tempo;1803s;temperatura;74.50°C
tempo;1804s;temperatura;73.75°C
tempo;1805s;temperatura;74.00°C
tempo;1806s;temperatura;74.25°C
tempo;1807s;temperatura;73.75°C
tempo;1808s;temperatura;73.75°C
tempo;1809s;temperatura;74.25°C
tempo;1810s;temperatura;74.25°C
tempo;1811s;temperatura;74.00°C
tempo;1812s;temperatura;74.25°C
tempo;1813s;temperatura;74.00°C
tempo;1814s;temperatura;73.75°C
tempo;1815s;temperatura;74.00°C
tempo;1816s;temperatura;74.00°C
tempo;1817s;temperatura;74.25°C
tempo;1818s;temperatura;74.25°C
tempo;1819s;temperatura;74.50°C
tempo;1820s;temperatura;74.00°C
tempo;1821s;temperatura;74.00°C
tempo;1822s;temperatura;74.50°C
tempo;1823s;temperatura;74.50°C
tempo;1824s;temperatura;74.25°C
tempo;1825s;temperatura;74.50°C
tempo;1826s;temperatura;74.50°C
tempo;1827s;temperatura;74.25°C
tempo;1828s;temperatura;74.25°C
tempo;1829s;temperatura;74.75°C
tempo;1830s;temperatura;74.75°C
tempo;1831s;temperatura;74.25°C
tempo;1832s;temperatura;74.50°C
tempo;1833s;temperatura;74.25°C
tempo;1834s;temperatura;74.25°C
tempo;1835s;temperatura;74.00°C
tempo;1836s;temperatura;74.00°C
tempo;1837s;temperatura;74.50°C
tempo;1838s;temperatura;74.25°C
tempo;1839s;temperatura;74.00°C
tempo;1840s;temperatura;74.00°C
tempo;1841s;temperatura;74.00°C
tempo;1842s;temperatura;74.50°C
tempo;1843s;temperatura;74.50°C
tempo;1844s;temperatura;74.75°C
tempo;1845s;temperatura;74.25°C
tempo;1846s;temperatura;74.25°C
tempo;1847s;temperatura;74.50°C
tempo;1848s;temperatura;74.25°C
tempo;1849s;temperatura;74.50°C
tempo;1850s;temperatura;74.25°C
tempo;1851s;temperatura;74.75°C
tempo;1852s;temperatura;74.50°C
tempo;1853s;temperatura;74.00°C
tempo;1854s;temperatura;74.50°C
tempo;1855s;temperatura;74.00°C
tempo;1856s;temperatura;74.75°C
tempo;1857s;temperatura;74.75°C
tempo;1858s;temperatura;74.25°C
tempo;1859s;temperatura;74.75°C
tempo;1860s;temperatura;74.50°C
tempo;1861s;temperatura;74.50°C
tempo;1862s;temperatura;74.75°C
tempo;1863s;temperatura;74.75°C
tempo;1864s;temperatura;74.50°C
tempo;1865s;temperatura;74.50°C
tempo;1866s;temperatura;74.75°C
tempo;1867s;temperatura;74.75°C
tempo;1868s;temperatura;74.75°C
tempo;1869s;temperatura;74.50°C
tempo;1870s;temperatura;74.75°C
tempo;1871s;temperatura;74.75°C
tempo;1872s;temperatura;74.25°C
tempo;1873s;temperatura;74.50°C
tempo;1874s;temperatura;74.75°C
tempo;1875s;temperatura;74.75°C
tempo;1876s;temperatura;74.50°C
tempo;1877s;temperatura;74.75°C
tempo;1878s;temperatura;75.00°C
tempo;1879s;temperatura;74.75°C
tempo;1880s;temperatura;74.50°C
tempo;1881s;temperatura;74.75°C
tempo;1882s;temperatura;75.25°C
tempo;1883s;temperatura;75.00°C
tempo;1884s;temperatura;74.75°C
tempo;1885s;temperatura;74.75°C
tempo;1886s;temperatura;74.50°C
tempo;1887s;temperatura;74.75°C
tempo;1888s;temperatura;74.75°C
tempo;1889s;temperatura;75.00°C
tempo;1890s;temperatura;75.00°C
tempo;1891s;temperatura;74.75°C
tempo;1892s;temperatura;74.75°C
tempo;1893s;temperatura;75.00°C
tempo;1894s;temperatura;74.75°C
tempo;1895s;temperatura;75.00°C
tempo;1896s;temperatura;75.00°C
tempo;1897s;temperatura;75.25°C
tempo;1898s;temperatura;74.50°C
tempo;1899s;temperatura;74.50°C
tempo;1900s;temperatura;75.00°C
tempo;1901s;temperatura;74.50°C
tempo;1902s;temperatura;74.50°C
tempo;1903s;temperatura;74.75°C
tempo;1904s;temperatura;74.50°C
tempo;1905s;temperatura;75.00°C
tempo;1906s;temperatura;74.75°C
tempo;1907s;temperatura;75.25°C
tempo;1908s;temperatura;74.25°C
tempo;1909s;temperatura;74.50°C
tempo;1910s;temperatura;75.00°C
tempo;1911s;temperatura;75.00°C
tempo;1912s;temperatura;74.75°C
tempo;1913s;temperatura;74.75°C
tempo;1914s;temperatura;74.25°C
tempo;1915s;temperatura;74.50°C
tempo;1916s;temperatura;74.00°C
tempo;1917s;temperatura;75.00°C
tempo;1918s;temperatura;74.50°C
tempo;1919s;temperatura;74.75°C
tempo;1920s;temperatura;75.25°C
tempo;1921s;temperatura;74.50°C
tempo;1922s;temperatura;75.00°C
tempo;1923s;temperatura;75.00°C
tempo;1924s;temperatura;74.75°C
tempo;1925s;temperatura;74.75°C
tempo;1926s;temperatura;75.00°C
tempo;1927s;temperatura;75.25°C
tempo;1928s;temperatura;75.25°C
tempo;1929s;temperatura;75.00°C
tempo;1930s;temperatura;75.00°C
tempo;1931s;temperatura;75.25°C
tempo;1932s;temperatura;75.00°C
tempo;1933s;temperatura;75.25°C
tempo;1934s;temperatura;75.00°C
tempo;1935s;temperatura;75.00°C
tempo;1936s;temperatura;75.00°C
tempo;1937s;temperatura;75.25°C
tempo;1938s;temperatura;74.75°C
tempo;1939s;temperatura;75.25°C
tempo;1940s;temperatura;75.00°C
tempo;1941s;temperatura;75.00°C
tempo;1942s;temperatura;75.00°C
tempo;1943s;temperatura;74.50°C
tempo;1944s;temperatura;74.75°C
tempo;1945s;temperatura;75.25°C
tempo;1946s;temperatura;75.00°C
tempo;1947s;temperatura;75.00°C
tempo;1948s;temperatura;75.00°C
tempo;1949s;temperatura;75.00°C
tempo;1950s;temperatura;74.75°C
tempo;1951s;temperatura;74.25°C
tempo;1952s;temperatura;74.75°C
tempo;1953s;temperatura;75.00°C
tempo;1954s;temperatura;74.75°C
tempo;1955s;temperatura;75.25°C
tempo;1956s;temperatura;75.00°C
tempo;1957s;temperatura;74.75°C
tempo;1958s;temperatura;75.25°C
tempo;1959s;temperatura;74.25°C
tempo;1960s;temperatura;75.00°C
tempo;1961s;temperatura;74.75°C
tempo;1962s;temperatura;75.25°C
tempo;1963s;temperatura;74.75°C
tempo;1964s;temperatura;75.00°C
tempo;1965s;temperatura;75.00°C
tempo;1966s;temperatura;74.50°C
tempo;1967s;temperatura;74.75°C
tempo;1968s;temperatura;75.25°C
tempo;1969s;temperatura;75.00°C
tempo;1970s;temperatura;75.25°C
tempo;1971s;temperatura;75.50°C
tempo;1972s;temperatura;75.50°C
tempo;1973s;temperatura;75.00°C
tempo;1974s;temperatura;75.00°C
tempo;1975s;temperatura;75.25°C
tempo;1976s;temperatura;75.00°C
tempo;1977s;temperatura;74.75°C
tempo;1978s;temperatura;74.50°C
tempo;1979s;temperatura;75.25°C
tempo;1980s;temperatura;75.00°C
tempo;1981s;temperatura;75.25°C
tempo;1982s;temperatura;75.00°C
tempo;1983s;temperatura;75.25°C
tempo;1984s;temperatura;75.00°C
tempo;1985s;temperatura;75.00°C
tempo;1986s;temperatura;75.25°C
tempo;1987s;temperatura;75.00°C
tempo;1988s;temperatura;75.50°C
tempo;1989s;temperatura;75.00°C
tempo;1990s;temperatura;75.00°C
tempo;1991s;temperatura;75.25°C
tempo;1992s;temperatura;74.75°C
tempo;1993s;temperatura;75.25°C
tempo;1994s;temperatura;75.25°C
tempo;1995s;temperatura;75.50°C
tempo;1996s;temperatura;75.00°C
tempo;1997s;temperatura;75.25°C
tempo;1998s;temperatura;75.00°C
tempo;1999s;temperatura;75.50°C
tempo;2000s;temperatura;75.25°C
tempo;2001s;temperatura;75.75°C
tempo;2002s;temperatura;75.25°C
tempo;2003s;temperatura;75.00°C
tempo;2004s;temperatura;75.00°C
tempo;2005s;temperatura;75.25°C
tempo;2006s;temperatura;75.50°C
tempo;2007s;temperatura;75.00°C
tempo;2008s;temperatura;75.25°C
tempo;2009s;temperatura;75.25°C
tempo;2010s;temperatura;75.50°C
tempo;2011s;temperatura;75.50°C
tempo;2012s;temperatura;75.75°C
tempo;2013s;temperatura;75.25°C
tempo;2014s;temperatura;75.50°C
tempo;2015s;temperatura;75.50°C
tempo;2016s;temperatura;75.25°C
tempo;2017s;temperatura;75.75°C
tempo;2018s;temperatura;75.25°C
tempo;2019s;temperatura;75.25°C
tempo;2020s;temperatura;75.25°C
tempo;2021s;temperatura;75.50°C
tempo;2022s;temperatura;75.75°C
tempo;2023s;temperatura;75.25°C
tempo;2024s;temperatura;75.75°C
tempo;2025s;temperatura;75.50°C
tempo;2026s;temperatura;75.50°C
tempo;2027s;temperatura;75.75°C
tempo;2028s;temperatura;75.00°C
tempo;2029s;temperatura;75.25°C
tempo;2030s;temperatura;75.00°C
tempo;2031s;temperatura;75.50°C
tempo;2032s;temperatura;75.50°C
tempo;2033s;temperatura;75.25°C
tempo;2034s;temperatura;75.75°C
tempo;2035s;temperatura;75.75°C
tempo;2036s;temperatura;75.75°C
tempo;2037s;temperatura;75.50°C
tempo;2038s;temperatura;75.75°C
tempo;2039s;temperatura;75.50°C
tempo;2040s;temperatura;75.75°C
tempo;2041s;temperatura;75.50°C
tempo;2042s;temperatura;75.25°C
tempo;2043s;temperatura;75.75°C
tempo;2044s;temperatura;75.50°C
tempo;2045s;temperatura;75.50°C
tempo;2046s;temperatura;75.75°C
tempo;2047s;temperatura;75.50°C
tempo;2048s;temperatura;76.00°C
tempo;2049s;temperatura;75.75°C
tempo;2050s;temperatura;75.75°C
tempo;2051s;temperatura;75.50°C
tempo;2052s;temperatura;75.50°C
tempo;2053s;temperatura;76.00°C
tempo;2054s;temperatura;76.00°C
tempo;2055s;temperatura;75.50°C
tempo;2056s;temperatura;75.50°C
tempo;2057s;temperatura;75.75°C
tempo;2058s;temperatura;75.75°C
tempo;2059s;temperatura;75.50°C
tempo;2060s;temperatura;75.75°C
tempo;2061s;temperatura;75.00°C
tempo;2062s;temperatura;75.75°C
tempo;2063s;temperatura;75.75°C
tempo;2064s;temperatura;75.50°C
tempo;2065s;temperatura;75.75°C
tempo;2066s;temperatura;76.00°C
tempo;2067s;temperatura;76.00°C
tempo;2068s;temperatura;76.00°C
tempo;2069s;temperatura;76.00°C
tempo;2070s;temperatura;76.00°C
tempo;2071s;temperatura;76.00°C
tempo;2072s;temperatura;75.50°C
tempo;2073s;temperatura;75.25°C
tempo;2074s;temperatura;76.00°C
tempo;2075s;temperatura;76.00°C
tempo;2076s;temperatura;75.00°C
tempo;2077s;temperatura;76.00°C
tempo;2078s;temperatura;76.00°C
tempo;2079s;temperatura;75.50°C
tempo;2080s;temperatura;75.50°C
tempo;2081s;temperatura;75.75°C
tempo;2082s;temperatura;75.75°C
tempo;2083s;temperatura;75.75°C
tempo;2084s;temperatura;76.00°C
tempo;2085s;temperatura;75.50°C
tempo;2086s;temperatura;76.00°C
tempo;2087s;temperatura;76.00°C
tempo;2088s;temperatura;76.00°C
tempo;2089s;temperatura;75.75°C
tempo;2090s;temperatura;75.75°C
tempo;2091s;temperatura;76.25°C
tempo;2092s;temperatura;75.50°C
tempo;2093s;temperatura;75.75°C
tempo;2094s;temperatura;75.75°C
tempo;2095s;temperatura;76.00°C
tempo;2096s;temperatura;75.50°C
tempo;2097s;temperatura;76.25°C
tempo;2098s;temperatura;76.00°C
tempo;2099s;temperatura;76.00°C
tempo;2100s;temperatura;75.50°C
tempo;2101s;temperatura;75.75°C
tempo;2102s;temperatura;76.00°C
tempo;2103s;temperatura;76.00°C
tempo;2104s;temperatura;76.00°C
tempo;2105s;temperatura;76.00°C
tempo;2106s;temperatura;76.00°C
tempo;2107s;temperatura;75.75°C
tempo;2108s;temperatura;76.25°C
tempo;2109s;temperatura;76.25°C
tempo;2110s;temperatura;75.50°C
tempo;2111s;temperatura;76.00°C
tempo;2112s;temperatura;76.00°C
tempo;2113s;temperatura;75.50°C
tempo;2114s;temperatura;75.75°C
tempo;2115s;temperatura;75.75°C
tempo;2116s;temperatura;76.00°C
tempo;2117s;temperatura;75.75°C
tempo;2118s;temperatura;76.00°C
tempo;2119s;temperatura;76.00°C
tempo;2120s;temperatura;76.50°C
tempo;2121s;temperatura;76.25°C
tempo;2122s;temperatura;76.00°C
tempo;2123s;temperatura;75.50°C
tempo;2124s;temperatura;76.50°C
tempo;2125s;temperatura;76.50°C
tempo;2126s;temperatura;76.50°C
tempo;2127s;temperatura;76.00°C
tempo;2128s;temperatura;75.75°C
tempo;2129s;temperatura;76.00°C
tempo;2130s;temperatura;76.00°C
tempo;2131s;temperatura;76.25°C
tempo;2132s;temperatura;76.00°C
tempo;2133s;temperatura;76.50°C
tempo;2134s;temperatura;76.00°C
tempo;2135s;temperatura;76.00°C
tempo;2136s;temperatura;76.00°C
tempo;2137s;temperatura;76.50°C
tempo;2138s;temperatura;75.75°C
tempo;2139s;temperatura;76.00°C
tempo;2140s;temperatura;76.00°C
tempo;2141s;temperatura;76.25°C
tempo;2142s;temperatura;75.50°C
tempo;2143s;temperatura;76.00°C
tempo;2144s;temperatura;76.50°C
tempo;2145s;temperatura;76.25°C
tempo;2146s;temperatura;76.50°C
tempo;2147s;temperatura;75.75°C
tempo;2148s;temperatura;76.50°C
tempo;2149s;temperatura;76.00°C
tempo;2150s;temperatura;76.25°C
tempo;2151s;temperatura;76.25°C
tempo;2152s;temperatura;76.50°C
tempo;2153s;temperatura;76.00°C
tempo;2154s;temperatura;76.25°C
tempo;2155s;temperatura;76.25°C
tempo;2156s;temperatura;76.25°C
tempo;2157s;temperatura;76.25°C
tempo;2158s;temperatura;76.25°C
tempo;2159s;temperatura;76.50°C
tempo;2160s;temperatura;76.00°C
tempo;2161s;temperatura;76.50°C
tempo;2162s;temperatura;76.25°C
tempo;2163s;temperatura;76.00°C
tempo;2164s;temperatura;76.25°C
tempo;2165s;temperatura;76.25°C
tempo;2166s;temperatura;76.50°C
tempo;2167s;temperatura;76.75°C
tempo;2168s;temperatura;75.50°C
tempo;2169s;temperatura;76.25°C
tempo;2170s;temperatura;76.00°C
tempo;2171s;temperatura;75.75°C
tempo;2172s;temperatura;76.00°C
tempo;2173s;temperatura;76.50°C
tempo;2174s;temperatura;76.00°C
tempo;2175s;temperatura;76.50°C
tempo;2176s;temperatura;76.50°C
tempo;2177s;temperatura;76.00°C
tempo;2178s;temperatura;76.25°C
tempo;2179s;temperatura;76.50°C
tempo;2180s;temperatura;76.00°C
tempo;2181s;temperatura;76.25°C
tempo;2182s;temperatura;76.25°C
tempo;2183s;temperatura;76.00°C
tempo;2184s;temperatura;76.25°C
tempo;2185s;temperatura;76.25°C
tempo;2186s;temperatura;76.25°C
tempo;2187s;temperatura;76.25°C
tempo;2188s;temperatura;76.25°C
tempo;2189s;temperatura;76.50°C
tempo;2190s;temperatura;76.50°C
tempo;2191s;temperatura;76.00°C
tempo;2192s;temperatura;76.25°C
tempo;2193s;temperatura;76.25°C
tempo;2194s;temperatura;76.50°C
tempo;2195s;temperatura;76.50°C
tempo;2196s;temperatura;76.50°C
tempo;2197s;temperatura;76.50°C
tempo;2198s;temperatura;76.75°C
tempo;2199s;temperatura;76.50°C
tempo;2200s;temperatura;76.00°C
tempo;2201s;temperatura;76.50°C
tempo;2202s;temperatura;76.50°C
tempo;2203s;temperatura;76.50°C
tempo;2204s;temperatura;76.25°C
tempo;2205s;temperatura;76.50°C
tempo;2206s;temperatura;76.00°C
tempo;2207s;temperatura;76.25°C
tempo;2208s;temperatura;76.25°C
tempo;2209s;temperatura;76.75°C
tempo;2210s;temperatura;76.00°C
tempo;2211s;temperatura;76.50°C
tempo;2212s;temperatura;76.50°C
tempo;2213s;temperatura;76.25°C
tempo;2214s;temperatura;76.50°C
tempo;2215s;temperatura;76.25°C
tempo;2216s;temperatura;76.25°C
tempo;2217s;temperatura;76.50°C
tempo;2218s;temperatura;76.50°C
tempo;2219s;temperatura;76.50°C
tempo;2220s;temperatura;76.50°C
tempo;2221s;temperatura;76.25°C
tempo;2222s;temperatura;76.50°C
tempo;2223s;temperatura;76.50°C
tempo;2224s;temperatura;76.75°C
tempo;2225s;temperatura;76.25°C
tempo;2226s;temperatura;76.25°C
tempo;2227s;temperatura;76.50°C
tempo;2228s;temperatura;76.50°C
tempo;2229s;temperatura;76.50°C
tempo;2230s;temperatura;76.25°C
tempo;2231s;temperatura;76.50°C
tempo;2232s;temperatura;76.25°C
tempo;2233s;temperatura;76.50°C
tempo;2234s;temperatura;76.75°C
tempo;2235s;temperatura;77.00°C
tempo;2236s;temperatura;76.75°C
tempo;2237s;temperatura;76.50°C
tempo;2238s;temperatura;76.50°C
tempo;2239s;temperatura;76.50°C
tempo;2240s;temperatura;76.50°C
tempo;2241s;temperatura;76.50°C
tempo;2242s;temperatura;76.50°C
tempo;2243s;temperatura;77.00°C
tempo;2244s;temperatura;76.50°C
tempo;2245s;temperatura;76.75°C
tempo;2246s;temperatura;76.50°C
tempo;2247s;temperatura;76.75°C
tempo;2248s;temperatura;76.25°C
tempo;2249s;temperatura;76.75°C
tempo;2250s;temperatura;76.75°C
tempo;2251s;temperatura;77.00°C
tempo;2252s;temperatura;76.50°C
tempo;2253s;temperatura;77.00°C
tempo;2254s;temperatura;77.25°C
tempo;2255s;temperatura;77.00°C
tempo;2256s;temperatura;77.00°C
tempo;2257s;temperatura;76.75°C
tempo;2258s;temperatura;76.75°C
tempo;2259s;temperatura;76.75°C
tempo;2260s;temperatura;76.75°C
tempo;2261s;temperatura;77.00°C
tempo;2262s;temperatura;76.75°C
tempo;2263s;temperatura;77.00°C
tempo;2264s;temperatura;76.75°C
tempo;2265s;temperatura;76.25°C
tempo;2266s;temperatura;76.75°C
tempo;2267s;temperatura;77.00°C
tempo;2268s;temperatura;76.50°C
tempo;2269s;temperatura;77.00°C
tempo;2270s;temperatura;76.75°C
tempo;2271s;temperatura;76.75°C
tempo;2272s;temperatura;76.75°C
tempo;2273s;temperatura;77.00°C
tempo;2274s;temperatura;76.25°C
tempo;2275s;temperatura;76.75°C
tempo;2276s;temperatura;76.75°C
tempo;2277s;temperatura;76.75°C
tempo;2278s;temperatura;77.00°C
tempo;2279s;temperatura;76.50°C
tempo;2280s;temperatura;76.75°C
tempo;2281s;temperatura;77.00°C
tempo;2282s;temperatura;76.25°C
tempo;2283s;temperatura;77.00°C
tempo;2284s;temperatura;76.50°C
tempo;2285s;temperatura;76.50°C
tempo;2286s;temperatura;76.50°C
tempo;2287s;temperatura;76.50°C
tempo;2288s;temperatura;76.75°C
tempo;2289s;temperatura;76.75°C
tempo;2290s;temperatura;76.75°C
tempo;2291s;temperatura;76.50°C
tempo;2292s;temperatura;77.00°C
tempo;2293s;temperatura;76.00°C
tempo;2294s;temperatura;76.50°C
tempo;2295s;temperatura;76.50°C
tempo;2296s;temperatura;77.00°C
tempo;2297s;temperatura;76.50°C
tempo;2298s;temperatura;77.00°C
tempo;2299s;temperatura;76.75°C
tempo;2300s;temperatura;76.75°C
tempo;2301s;temperatura;77.25°C
tempo;2302s;temperatura;77.25°C
tempo;2303s;temperatura;77.00°C
tempo;2304s;temperatura;77.00°C
tempo;2305s;temperatura;76.75°C
tempo;2306s;temperatura;77.00°C
tempo;2307s;temperatura;77.25°C
tempo;2308s;temperatura;77.00°C
tempo;2309s;temperatura;76.75°C
tempo;2310s;temperatura;77.25°C
tempo;2311s;temperatura;77.00°C
tempo;2312s;temperatura;76.75°C
tempo;2313s;temperatura;76.75°C
tempo;2314s;temperatura;77.00°C
tempo;2315s;temperatura;77.00°C
tempo;2316s;temperatura;76.75°C
tempo;2317s;temperatura;77.25°C
tempo;2318s;temperatura;77.00°C
tempo;2319s;temperatura;77.00°C
tempo;2320s;temperatura;76.50°C
tempo;2321s;temperatura;76.50°C
tempo;2322s;temperatura;77.00°C
tempo;2323s;temperatura;76.75°C
tempo;2324s;temperatura;77.00°C
tempo;2325s;temperatura;76.75°C
tempo;2326s;temperatura;77.00°C
tempo;2327s;temperatura;77.25°C
tempo;2328s;temperatura;77.00°C
tempo;2329s;temperatura;76.75°C
tempo;2330s;temperatura;77.25°C
tempo;2331s;temperatura;77.25°C
tempo;2332s;temperatura;77.00°C
tempo;2333s;temperatura;77.00°C
tempo;2334s;temperatura;77.25°C
tempo;2335s;temperatura;77.25°C
tempo;2336s;temperatura;77.25°C
tempo;2337s;temperatura;77.00°C
tempo;2338s;temperatura;77.25°C
tempo;2339s;temperatura;77.00°C
tempo;2340s;temperatura;77.00°C
tempo;2341s;temperatura;76.75°C
tempo;2342s;temperatura;77.00°C
tempo;2343s;temperatura;76.75°C
tempo;2344s;temperatura;77.25°C
tempo;2345s;temperatura;77.00°C
tempo;2346s;temperatura;77.00°C
tempo;2347s;temperatura;77.25°C
tempo;2348s;temperatura;77.00°C
tempo;2349s;temperatura;77.25°C
tempo;2350s;temperatura;76.75°C
tempo;2351s;temperatura;77.25°C
tempo;2352s;temperatura;77.25°C
tempo;2353s;temperatura;77.25°C
tempo;2354s;temperatura;77.25°C
tempo;2355s;temperatura;76.75°C
tempo;2356s;temperatura;77.25°C
tempo;2357s;temperatura;77.25°C
tempo;2358s;temperatura;77.25°C
tempo;2359s;temperatura;77.00°C
tempo;2360s;temperatura;77.25°C
tempo;2361s;temperatura;77.00°C
tempo;2362s;temperatura;77.50°C
tempo;2363s;temperatura;77.25°C
tempo;2364s;temperatura;77.50°C
tempo;2365s;temperatura;77.25°C
tempo;2366s;temperatura;76.75°C
tempo;2367s;temperatura;76.75°C
tempo;2368s;temperatura;77.25°C
tempo;2369s;temperatura;77.00°C
tempo;2370s;temperatura;77.00°C
tempo;2371s;temperatura;77.25°C
tempo;2372s;temperatura;76.75°C
tempo;2373s;temperatura;76.75°C
tempo;2374s;temperatura;77.25°C
tempo;2375s;temperatura;77.25°C
tempo;2376s;temperatura;77.00°C
tempo;2377s;temperatura;77.00°C
tempo;2378s;temperatura;77.25°C
tempo;2379s;temperatura;77.50°C
tempo;2380s;temperatura;77.25°C
tempo;2381s;temperatura;77.25°C
tempo;2382s;temperatura;77.25°C
tempo;2383s;temperatura;77.25°C
tempo;2384s;temperatura;77.25°C
tempo;2385s;temperatura;77.25°C
tempo;2386s;temperatura;77.75°C
tempo;2387s;temperatura;77.25°C
tempo;2388s;temperatura;77.50°C
tempo;2389s;temperatura;77.75°C
tempo;2390s;temperatura;77.25°C
tempo;2391s;temperatura;77.25°C
tempo;2392s;temperatura;77.50°C
tempo;2393s;temperatura;77.25°C
tempo;2394s;temperatura;77.25°C
tempo;2395s;temperatura;77.50°C
tempo;2396s;temperatura;77.50°C
tempo;2397s;temperatura;77.50°C
tempo;2398s;temperatura;77.25°C
tempo;2399s;temperatura;77.75°C
tempo;2400s;temperatura;77.50°C
tempo;2401s;temperatura;77.50°C
tempo;2402s;temperatura;77.50°C
tempo;2403s;temperatura;77.00°C
tempo;2404s;temperatura;77.00°C
tempo;2405s;temperatura;77.00°C
tempo;2406s;temperatura;77.25°C
tempo;2407s;temperatura;77.25°C
tempo;2408s;temperatura;77.25°C
tempo;2409s;temperatura;77.75°C
tempo;2410s;temperatura;77.50°C
tempo;2411s;temperatura;77.50°C
tempo;2412s;temperatura;77.50°C
tempo;2413s;temperatura;77.25°C
tempo;2414s;temperatura;77.75°C
tempo;2415s;temperatura;77.50°C
tempo;2416s;temperatura;77.75°C
tempo;2417s;temperatura;77.50°C
tempo;2418s;temperatura;77.50°C
tempo;2419s;temperatura;77.25°C
tempo;2420s;temperatura;77.25°C
tempo;2421s;temperatura;77.25°C
tempo;2422s;temperatura;77.50°C
tempo;2423s;temperatura;77.50°C
tempo;2424s;temperatura;77.50°C
tempo;2425s;temperatura;77.50°C
tempo;2426s;temperatura;77.50°C
tempo;2427s;temperatura;77.75°C
tempo;2428s;temperatura;77.00°C
tempo;2429s;temperatura;77.50°C
tempo;2430s;temperatura;77.75°C
tempo;2431s;temperatura;77.00°C
tempo;2432s;temperatura;77.50°C
tempo;2433s;temperatura;77.25°C
tempo;2434s;temperatura;77.25°C
tempo;2435s;temperatura;77.50°C
tempo;2436s;temperatura;77.50°C
tempo;2437s;temperatura;77.50°C
tempo;2438s;temperatura;77.75°C
tempo;2439s;temperatura;77.00°C
tempo;2440s;temperatura;77.50°C
tempo;2441s;temperatura;77.25°C
tempo;2442s;temperatura;77.00°C
tempo;2443s;temperatura;77.75°C
tempo;2444s;temperatura;77.25°C
tempo;2445s;temperatura;77.50°C
tempo;2446s;temperatura;77.50°C
tempo;2447s;temperatura;77.50°C