tempo;3s;temperatura;36.00 °C
tempo;4s;temperatura;35.50 °C
tempo;5s;temperatura;35.50 °C
tempo;6s;temperatura;35.25 °C
tempo;7s;temperatura;36.00 °C
tempo;8s;temperatura;35.75 °C
tempo;9s;temperatura;35.75 °C
tempo;10s;temperatura;35.25 °C
tempo;11s;temperatura;35.75 °C
tempo;12s;temperatura;35.25 °C
tempo;13s;temperatura;36.00 °C
tempo;14s;temperatura;35.75 °C
tempo;15s;temperatura;35.75 °C
tempo;16s;temperatura;35.75 °C
tempo;17s;temperatura;35.50 °C
tempo;18s;temperatura;35.00 °C
tempo;19s;temperatura;34.75 °C
tempo;20s;temperatura;35.25 °C
tempo;21s;temperatura;35.25 °C
tempo;22s;temperatura;35.75 °C
tempo;23s;temperatura;36.00 °C
tempo;24s;temperatura;35.50 °C
tempo;25s;temperatura;35.50 °C
tempo;26s;temperatura;35.75 °C
tempo;27s;temperatura;35.75 °C
tempo;28s;temperatura;35.50 °C
tempo;29s;temperatura;35.50 °C
tempo;30s;temperatura;35.75 °C
tempo;31s;temperatura;36.00 °C
tempo;32s;temperatura;36.00 °C
tempo;33s;temperatura;35.25 °C
tempo;34s;temperatura;35.50 °C
tempo;35s;temperatura;35.50 °C
tempo;36s;temperatura;35.50 °C
tempo;37s;temperatura;36.00 °C
tempo;38s;temperatura;36.00 °C
tempo;39s;temperatura;35.75 °C
tempo;40s;temperatura;36.25 °C
tempo;41s;temperatura;35.75 °C
tempo;42s;temperatura;36.00 °C
tempo;43s;temperatura;36.00 °C
tempo;44s;temperatura;36.25 °C
tempo;45s;temperatura;35.75 °C
tempo;46s;temperatura;36.25 °C
tempo;47s;temperatura;36.50 °C
tempo;48s;temperatura;36.25 °C
tempo;49s;temperatura;36.50 °C
tempo;50s;temperatura;36.25 °C
tempo;51s;temperatura;37.00 °C
tempo;52s;temperatura;36.50 °C
tempo;53s;temperatura;37.00 °C
tempo;54s;temperatura;37.00 °C
tempo;55s;temperatura;37.25 °C
tempo;56s;temperatura;36.75 °C
tempo;57s;temperatura;37.00 °C
tempo;58s;temperatura;37.00 °C
tempo;59s;temperatura;37.00 °C
tempo;60s;temperatura;37.50 °C
tempo;61s;temperatura;37.50 °C
tempo;62s;temperatura;37.75 °C
tempo;63s;temperatura;37.75 °C
tempo;64s;temperatura;38.00 °C
tempo;65s;temperatura;38.00 °C
tempo;66s;temperatura;38.00 °C
tempo;67s;temperatura;38.75 °C
tempo;68s;temperatura;38.50 °C
tempo;69s;temperatura;38.75 °C
tempo;70s;temperatura;38.50 °C
tempo;71s;temperatura;38.25 °C
tempo;72s;temperatura;38.75 °C
tempo;73s;temperatura;39.00 °C
tempo;74s;temperatura;39.00 °C
tempo;75s;temperatura;39.50 °C
tempo;76s;temperatura;39.50 °C
tempo;77s;temperatura;39.25 °C
tempo;78s;temperatura;39.50 °C
tempo;79s;temperatura;39.50 °C
tempo;80s;temperatura;40.00 °C
tempo;81s;temperatura;40.25 °C
tempo;82s;temperatura;40.25 °C
tempo;83s;temperatura;40.25 °C
tempo;84s;temperatura;40.50 °C
tempo;85s;temperatura;40.75 °C
tempo;86s;temperatura;41.00 °C
tempo;87s;temperatura;41.25 °C
tempo;88s;temperatura;41.25 °C
tempo;89s;temperatura;41.50 °C
tempo;90s;temperatura;41.50 °C
tempo;91s;temperatura;42.00 °C
tempo;92s;temperatura;42.00 °C
tempo;93s;temperatura;41.50 °C
tempo;94s;temperatura;42.25 °C
tempo;95s;temperatura;42.50 °C
tempo;96s;temperatura;42.50 °C
tempo;97s;temperatura;42.75 °C
tempo;98s;temperatura;42.50 °C
tempo;99s;temperatura;43.25 °C
tempo;100s;temperatura;43.50 °C
tempo;101s;temperatura;43.50 °C
tempo;102s;temperatura;43.75 °C
tempo;103s;temperatura;43.50 °C
tempo;104s;temperatura;44.00 °C
tempo;105s;temperatura;44.25 °C
tempo;106s;temperatura;44.25 °C
tempo;107s;temperatura;44.50 °C
tempo;108s;temperatura;44.75 °C
tempo;109s;temperatura;44.75 °C
tempo;110s;temperatura;45.00 °C
tempo;111s;temperatura;45.25 °C
tempo;112s;temperatura;44.75 °C
tempo;113s;temperatura;45.50 °C
tempo;114s;temperatura;45.75 °C
tempo;115s;temperatura;45.25 °C
tempo;116s;temperatura;46.25 °C
tempo;117s;temperatura;46.25 °C
tempo;118s;temperatura;46.00 °C
tempo;119s;temperatura;47.00 °C
tempo;120s;temperatura;46.75 °C
tempo;121s;temperatura;46.75 °C
tempo;122s;temperatura;47.50 °C
tempo;123s;temperatura;47.25 °C
tempo;124s;temperatura;47.75 °C
tempo;125s;temperatura;47.75 °C
tempo;126s;temperatura;47.75 °C
tempo;127s;temperatura;48.00 °C
tempo;128s;temperatura;48.25 °C
tempo;129s;temperatura;48.00 °C
tempo;130s;temperatura;49.25 °C
tempo;131s;temperatura;48.50 °C
tempo;132s;temperatura;49.50 °C
tempo;133s;temperatura;49.75 °C
tempo;134s;temperatura;49.75 °C
tempo;135s;temperatura;50.25 °C
tempo;136s;temperatura;50.25 °C
tempo;137s;temperatura;50.75 °C
tempo;138s;temperatura;50.25 °C
tempo;139s;temperatura;51.00 °C
tempo;140s;temperatura;51.25 °C
tempo;141s;temperatura;51.25 °C
tempo;142s;temperatura;52.00 °C
tempo;143s;temperatura;51.50 °C
tempo;144s;temperatura;52.50 °C
tempo;145s;temperatura;52.00 °C
tempo;146s;temperatura;52.50 °C
tempo;147s;temperatura;52.50 °C
tempo;148s;temperatura;53.00 °C
tempo;149s;temperatura;52.75 °C
tempo;150s;temperatura;53.25 °C
tempo;151s;temperatura;54.00 °C
tempo;152s;temperatura;54.25 °C
tempo;153s;temperatura;54.50 °C
tempo;154s;temperatura;54.50 °C
tempo;155s;temperatura;54.50 °C
tempo;156s;temperatura;55.25 °C
tempo;157s;temperatura;55.25 °C
tempo;158s;temperatura;56.00 °C
tempo;159s;temperatura;56.25 °C
tempo;160s;temperatura;56.50 °C
tempo;161s;temperatura;56.75 °C
tempo;162s;temperatura;56.50 °C
tempo;163s;temperatura;57.50 °C
tempo;164s;temperatura;57.25 °C
tempo;165s;temperatura;57.50 °C
tempo;166s;temperatura;57.75 °C
tempo;167s;temperatura;57.75 °C
tempo;168s;temperatura;58.00 °C
tempo;169s;temperatura;58.50 °C
tempo;170s;temperatura;58.75 °C
tempo;171s;temperatura;58.50 °C
tempo;172s;temperatura;59.25 °C
tempo;173s;temperatura;59.75 °C
tempo;174s;temperatura;60.00 °C
tempo;175s;temperatura;60.00 °C
tempo;176s;temperatura;60.50 °C
tempo;177s;temperatura;61.00 °C
tempo;178s;temperatura;61.00 °C
tempo;179s;temperatura;61.25 °C
tempo;180s;temperatura;61.50 °C
tempo;181s;temperatura;62.25 °C
tempo;182s;temperatura;62.50 °C
tempo;183s;temperatura;62.50 °C
tempo;184s;temperatura;62.75 °C
tempo;185s;temperatura;63.25 °C
tempo;186s;temperatura;63.25 °C
tempo;187s;temperatura;63.50 °C
tempo;188s;temperatura;63.75 °C
tempo;189s;temperatura;64.50 °C
tempo;190s;temperatura;64.25 °C
tempo;191s;temperatura;64.50 °C
tempo;192s;temperatura;64.75 °C
tempo;193s;temperatura;65.00 °C
tempo;194s;temperatura;65.75 °C
tempo;195s;temperatura;65.75 °C
tempo;196s;temperatura;66.00 °C
tempo;197s;temperatura;66.50 °C
tempo;198s;temperatura;66.50 °C
tempo;199s;temperatura;67.00 °C
tempo;200s;temperatura;67.00 °C
tempo;201s;temperatura;67.25 °C
tempo;202s;temperatura;67.75 °C
tempo;203s;temperatura;67.75 °C
tempo;204s;temperatura;67.75 °C
tempo;205s;temperatura;68.25 °C
tempo;206s;temperatura;69.00 °C
tempo;207s;temperatura;69.25 °C
tempo;208s;temperatura;69.00 °C
tempo;209s;temperatura;69.75 °C
tempo;210s;temperatura;69.50 °C
tempo;211s;temperatura;70.25 °C
tempo;212s;temperatura;70.50 °C
tempo;213s;temperatura;70.25 °C
tempo;214s;temperatura;71.25 °C
tempo;215s;temperatura;71.00 °C
tempo;216s;temperatura;71.75 °C
tempo;217s;temperatura;71.75 °C
tempo;218s;temperatura;72.25 °C
tempo;219s;temperatura;72.50 °C
tempo;220s;temperatura;72.75 °C
tempo;221s;temperatura;72.75 °C
tempo;222s;temperatura;73.00 °C
tempo;223s;temperatura;73.50 °C
tempo;224s;temperatura;73.75 °C
tempo;225s;temperatura;73.75 °C
tempo;226s;temperatura;74.25 °C
tempo;227s;temperatura;74.25 °C
tempo;228s;temperatura;74.50 °C
tempo;229s;temperatura;74.75 °C
tempo;230s;temperatura;75.50 °C
tempo;231s;temperatura;75.75 °C
tempo;232s;temperatura;75.25 °C
tempo;233s;temperatura;76.50 °C
tempo;234s;temperatura;76.75 °C
tempo;235s;temperatura;77.25 °C
tempo;236s;temperatura;77.25 °C
tempo;237s;temperatura;77.50 °C
tempo;238s;temperatura;77.75 °C
tempo;239s;temperatura;78.25 °C
tempo;240s;temperatura;78.00 °C
tempo;241s;temperatura;78.25 °C
tempo;242s;temperatura;78.75 °C
tempo;243s;temperatura;79.50 °C
tempo;244s;temperatura;79.00 °C
tempo;245s;temperatura;80.00 °C
tempo;246s;temperatura;80.00 °C
tempo;247s;temperatura;80.50 °C
tempo;248s;temperatura;81.00 °C
tempo;249s;temperatura;81.25 °C
tempo;250s;temperatura;81.00 °C
tempo;251s;temperatura;81.50 °C
tempo;252s;temperatura;81.75 °C
tempo;253s;temperatura;81.75 °C
tempo;254s;temperatura;82.25 °C
tempo;255s;temperatura;83.00 °C
tempo;256s;temperatura;83.25 °C
tempo;257s;temperatura;83.50 °C
tempo;258s;temperatura;83.25 °C
tempo;259s;temperatura;84.00 °C
tempo;260s;temperatura;84.25 °C
tempo;261s;temperatura;84.25 °C
tempo;262s;temperatura;84.25 °C
tempo;263s;temperatura;84.75 °C
tempo;264s;temperatura;85.25 °C
tempo;265s;temperatura;85.50 °C
tempo;266s;temperatura;85.75 °C
tempo;267s;temperatura;86.50 °C
tempo;268s;temperatura;86.25 °C
tempo;269s;temperatura;86.75 °C
tempo;270s;temperatura;86.75 °C
tempo;271s;temperatura;87.25 °C
tempo;272s;temperatura;87.50 °C
tempo;273s;temperatura;88.00 °C
tempo;274s;temperatura;88.25 °C
tempo;275s;temperatura;88.50 °C
tempo;276s;temperatura;88.75 °C
tempo;277s;temperatura;89.50 °C
tempo;278s;temperatura;89.25 °C
tempo;279s;temperatura;90.00 °C
tempo;280s;temperatura;90.00 °C
tempo;281s;temperatura;90.25 °C
tempo;282s;temperatura;90.75 °C
tempo;283s;temperatura;91.00 °C
tempo;284s;temperatura;91.00 °C
tempo;285s;temperatura;91.25 °C
tempo;286s;temperatura;91.75 °C
tempo;287s;temperatura;92.00 °C
tempo;288s;temperatura;92.50 °C
tempo;289s;temperatura;92.75 °C
tempo;290s;temperatura;92.50 °C
tempo;291s;temperatura;93.50 °C
tempo;292s;temperatura;93.25 °C
tempo;293s;temperatura;94.00 °C
tempo;294s;temperatura;94.00 °C
tempo;295s;temperatura;94.75 °C
tempo;296s;temperatura;95.00 °C
tempo;297s;temperatura;94.75 °C
tempo;298s;temperatura;95.25 °C
tempo;299s;temperatura;95.50 °C
tempo;300s;temperatura;95.25 °C
tempo;301s;temperatura;96.25 °C
tempo;302s;temperatura;96.00 °C
tempo;303s;temperatura;96.50 °C
tempo;304s;temperatura;97.25 °C
tempo;305s;temperatura;96.75 °C
tempo;306s;temperatura;97.50 °C
tempo;307s;temperatura;97.50 °C
tempo;308s;temperatura;98.25 °C
tempo;309s;temperatura;98.00 °C
tempo;310s;temperatura;98.25 °C
tempo;311s;temperatura;98.75 °C
tempo;312s;temperatura;99.25 °C
tempo;313s;temperatura;99.50 °C
tempo;314s;temperatura;99.50 °C
tempo;315s;temperatura;100.00 °C
tempo;316s;temperatura;100.00 °C
tempo;317s;temperatura;100.75 °C
tempo;318s;temperatura;100.25 °C
tempo;319s;temperatura;101.50 °C
tempo;320s;temperatura;101.25 °C
tempo;321s;temperatura;101.50 °C
tempo;322s;temperatura;102.00 °C
tempo;323s;temperatura;102.00 °C
tempo;324s;temperatura;102.50 °C
tempo;325s;temperatura;102.50 °C
tempo;326s;temperatura;103.00 °C
tempo;327s;temperatura;103.25 °C
tempo;328s;temperatura;104.00 °C
tempo;329s;temperatura;103.75 °C
tempo;330s;temperatura;103.75 °C
tempo;331s;temperatura;104.75 °C
tempo;332s;temperatura;104.00 °C
tempo;333s;temperatura;105.00 °C
tempo;334s;temperatura;105.25 °C
tempo;335s;temperatura;105.50 °C
tempo;336s;temperatura;106.00 °C
tempo;337s;temperatura;106.25 °C
tempo;338s;temperatura;106.25 °C
tempo;339s;temperatura;106.75 °C
tempo;340s;temperatura;106.50 °C
tempo;341s;temperatura;107.00 °C
tempo;342s;temperatura;107.25 °C
tempo;343s;temperatura;107.50 °C
tempo;344s;temperatura;108.25 °C
tempo;345s;temperatura;108.25 °C
tempo;346s;temperatura;108.25 °C
tempo;347s;temperatura;109.25 °C
tempo;348s;temperatura;109.00 °C
tempo;349s;temperatura;109.25 °C
tempo;350s;temperatura;109.25 °C
tempo;351s;temperatura;109.50 °C
tempo;352s;temperatura;110.25 °C
tempo;353s;temperatura;110.25 °C
tempo;354s;temperatura;110.75 °C
tempo;355s;temperatura;110.75 °C
tempo;356s;temperatura;110.75 °C
tempo;357s;temperatura;112.00 °C
tempo;358s;temperatura;111.25 °C
tempo;359s;temperatura;112.00 °C
tempo;360s;temperatura;112.00 °C
tempo;361s;temperatura;112.50 °C
tempo;362s;temperatura;112.75 °C
tempo;363s;temperatura;113.25 °C
tempo;364s;temperatura;113.75 °C
tempo;365s;temperatura;113.00 °C
tempo;366s;temperatura;114.00 °C
tempo;367s;temperatura;114.25 °C
tempo;368s;temperatura;114.25 °C
tempo;369s;temperatura;114.25 °C
tempo;370s;temperatura;114.75 °C
tempo;371s;temperatura;115.00 °C
tempo;372s;temperatura;115.75 °C
tempo;373s;temperatura;115.50 °C
tempo;374s;temperatura;115.75 °C
tempo;375s;temperatura;116.25 °C
tempo;376s;temperatura;116.00 °C
tempo;377s;temperatura;116.50 °C
tempo;378s;temperatura;116.25 °C
tempo;379s;temperatura;116.75 °C
tempo;380s;temperatura;117.25 °C
tempo;381s;temperatura;117.00 °C
tempo;382s;temperatura;117.25 °C
tempo;383s;temperatura;117.75 °C
tempo;384s;temperatura;117.75 °C
tempo;385s;temperatura;118.25 °C
tempo;386s;temperatura;118.00 °C
tempo;387s;temperatura;118.50 °C
tempo;388s;temperatura;118.75 °C
tempo;389s;temperatura;118.50 °C
tempo;390s;temperatura;118.50 °C
tempo;391s;temperatura;119.00 °C
tempo;392s;temperatura;119.50 °C
tempo;393s;temperatura;119.75 °C
tempo;394s;temperatura;119.25 °C
tempo;395s;temperatura;119.50 °C
tempo;396s;temperatura;120.00 °C
tempo;397s;temperatura;119.75 °C
tempo;398s;temperatura;119.75 °C
tempo;399s;temperatura;120.25 °C
tempo;400s;temperatura;120.50 °C
tempo;401s;temperatura;120.50 °C
tempo;402s;temperatura;120.50 °C
tempo;403s;temperatura;120.50 °C
tempo;404s;temperatura;120.75 °C
tempo;405s;temperatura;121.00 °C
tempo;406s;temperatura;121.75 °C
tempo;407s;temperatura;121.00 °C
tempo;408s;temperatura;121.00 °C
tempo;409s;temperatura;121.75 °C
tempo;410s;temperatura;121.00 °C
tempo;411s;temperatura;121.75 °C
tempo;412s;temperatura;122.00 °C
tempo;413s;temperatura;122.25 °C
tempo;414s;temperatura;122.00 °C
tempo;415s;temperatura;122.25 °C
tempo;416s;temperatura;122.00 °C
tempo;417s;temperatura;122.00 °C
tempo;418s;temperatura;122.50 °C
tempo;419s;temperatura;122.50 °C
tempo;420s;temperatura;123.00 °C
tempo;421s;temperatura;122.75 °C
tempo;422s;temperatura;123.25 °C
tempo;423s;temperatura;123.00 °C
tempo;424s;temperatura;123.50 °C
tempo;425s;temperatura;123.25 °C
tempo;426s;temperatura;123.25 °C
tempo;427s;temperatura;123.25 °C
tempo;428s;temperatura;123.75 °C
tempo;429s;temperatura;123.50 °C
tempo;430s;temperatura;123.25 °C
tempo;431s;temperatura;123.50 °C
tempo;432s;temperatura;123.75 °C
tempo;433s;temperatura;123.50 °C
tempo;434s;temperatura;123.75 °C
tempo;435s;temperatura;124.00 °C
tempo;436s;temperatura;124.25 °C
tempo;437s;temperatura;124.25 °C
tempo;438s;temperatura;124.00 °C
tempo;439s;temperatura;124.25 °C
tempo;440s;temperatura;124.75 °C
tempo;441s;temperatura;124.00 °C
tempo;442s;temperatura;125.00 °C
tempo;443s;temperatura;124.50 °C
tempo;444s;temperatura;124.50 °C
tempo;445s;temperatura;124.50 °C
tempo;446s;temperatura;125.00 °C
tempo;447s;temperatura;125.25 °C
tempo;448s;temperatura;125.00 °C
tempo;449s;temperatura;125.00 °C
tempo;450s;temperatura;125.50 °C
tempo;451s;temperatura;125.25 °C
tempo;452s;temperatura;125.50 °C
tempo;453s;temperatura;125.50 °C
tempo;454s;temperatura;125.25 °C
tempo;455s;temperatura;125.50 °C
tempo;456s;temperatura;125.25 °C
tempo;457s;temperatura;125.50 °C
tempo;458s;temperatura;125.25 °C
tempo;459s;temperatura;125.75 °C
tempo;460s;temperatura;126.00 °C
tempo;461s;temperatura;125.25 °C
tempo;462s;temperatura;125.25 °C
tempo;463s;temperatura;125.75 °C
tempo;464s;temperatura;126.00 °C
tempo;465s;temperatura;126.00 °C
tempo;466s;temperatura;125.75 °C
tempo;467s;temperatura;125.75 °C
tempo;468s;temperatura;125.75 °C
tempo;469s;temperatura;126.00 °C
tempo;470s;temperatura;126.00 °C
tempo;471s;temperatura;126.00 °C
tempo;472s;temperatura;125.25 °C
tempo;473s;temperatura;126.00 °C
tempo;474s;temperatura;126.00 °C
tempo;475s;temperatura;125.75 °C
tempo;476s;temperatura;125.75 °C
tempo;477s;temperatura;126.25 °C
tempo;478s;temperatura;126.25 °C
tempo;479s;temperatura;125.75 °C
tempo;480s;temperatura;126.25 °C
tempo;481s;temperatura;126.25 °C
tempo;482s;temperatura;126.00 °C
tempo;483s;temperatura;126.50 °C
tempo;484s;temperatura;126.00 °C
tempo;485s;temperatura;126.25 °C
tempo;486s;temperatura;126.50 °C
tempo;487s;temperatura;126.00 °C
tempo;488s;temperatura;126.50 °C
tempo;489s;temperatura;126.25 °C
tempo;490s;temperatura;126.50 °C
tempo;491s;temperatura;126.50 °C
tempo;492s;temperatura;126.25 °C
tempo;493s;temperatura;126.25 °C
tempo;494s;temperatura;126.50 °C
tempo;495s;temperatura;126.75 °C
tempo;496s;temperatura;126.50 °C
tempo;497s;temperatura;126.25 °C
tempo;498s;temperatura;126.75 °C
tempo;499s;temperatura;126.25 °C
tempo;500s;temperatura;126.75 °C
tempo;501s;temperatura;126.00 °C
tempo;502s;temperatura;126.50 °C
tempo;503s;temperatura;126.25 °C
tempo;504s;temperatura;126.00 °C
tempo;505s;temperatura;126.50 °C
tempo;506s;temperatura;126.75 °C
tempo;507s;temperatura;126.50 °C
tempo;508s;temperatura;126.50 °C
tempo;509s;temperatura;126.50 °C
tempo;510s;temperatura;126.50 °C
tempo;511s;temperatura;126.50 °C
tempo;512s;temperatura;126.25 °C
tempo;513s;temperatura;126.00 °C
tempo;514s;temperatura;126.50 °C
tempo;515s;temperatura;126.25 °C
tempo;516s;temperatura;126.25 °C
tempo;517s;temperatura;126.00 °C
tempo;518s;temperatura;126.25 °C
tempo;519s;temperatura;126.00 °C
tempo;520s;temperatura;125.75 °C
tempo;521s;temperatura;126.25 °C
tempo;522s;temperatura;126.50 °C
tempo;523s;temperatura;126.25 °C
tempo;524s;temperatura;126.00 °C
tempo;525s;temperatura;126.00 °C
tempo;526s;temperatura;126.00 °C
tempo;527s;temperatura;125.25 °C
tempo;528s;temperatura;126.50 °C
tempo;529s;temperatura;126.25 °C
tempo;530s;temperatura;126.00 °C
tempo;531s;temperatura;126.00 °C
tempo;532s;temperatura;126.00 °C
tempo;533s;temperatura;126.00 °C
tempo;534s;temperatura;125.75 °C
tempo;535s;temperatura;126.00 °C
tempo;536s;temperatura;126.00 °C
tempo;537s;temperatura;125.75 °C
tempo;538s;temperatura;126.00 °C
tempo;539s;temperatura;125.50 °C
tempo;540s;temperatura;125.50 °C
tempo;541s;temperatura;125.50 °C
tempo;542s;temperatura;125.50 °C
tempo;543s;temperatura;126.00 °C
tempo;544s;temperatura;125.50 °C
tempo;545s;temperatura;125.75 °C
tempo;546s;temperatura;125.50 °C
tempo;547s;temperatura;125.00 °C
tempo;548s;temperatura;125.25 °C
tempo;549s;temperatura;125.50 °C
tempo;550s;temperatura;125.50 °C
tempo;551s;temperatura;125.50 °C
tempo;552s;temperatura;125.75 °C
tempo;553s;temperatura;125.50 °C
tempo;554s;temperatura;124.75 °C
tempo;555s;temperatura;125.50 °C
tempo;556s;temperatura;125.25 °C
tempo;557s;temperatura;124.75 °C
tempo;558s;temperatura;125.50 °C
tempo;559s;temperatura;125.50 °C
tempo;560s;temperatura;124.75 °C
tempo;561s;temperatura;125.00 °C
tempo;562s;temperatura;124.75 °C
tempo;563s;temperatura;125.00 °C
tempo;564s;temperatura;125.00 °C
tempo;565s;temperatura;125.25 °C
tempo;566s;temperatura;125.00 °C
tempo;567s;temperatura;124.75 °C
tempo;568s;temperatura;124.75 °C
tempo;569s;temperatura;125.25 °C
tempo;570s;temperatura;124.00 °C
tempo;571s;temperatura;125.00 °C
tempo;572s;temperatura;124.50 °C
tempo;573s;temperatura;124.75 °C
tempo;574s;temperatura;124.25 °C
tempo;575s;temperatura;124.75 °C
tempo;576s;temperatura;124.75 °C
tempo;577s;temperatura;124.75 °C
tempo;578s;temperatura;124.50 °C
tempo;579s;temperatura;124.50 °C
tempo;580s;temperatura;124.75 °C
tempo;581s;temperatura;124.50 °C
tempo;582s;temperatura;124.50 °C
tempo;583s;temperatura;124.50 °C
tempo;584s;temperatura;124.25 °C
tempo;585s;temperatura;124.25 °C
tempo;586s;temperatura;124.25 °C
tempo;587s;temperatura;124.25 °C
tempo;588s;temperatura;123.75 °C
tempo;589s;temperatura;123.75 °C
tempo;590s;temperatura;124.00 °C
tempo;591s;temperatura;124.25 °C
tempo;592s;temperatura;123.75 °C
tempo;593s;temperatura;124.00 °C
tempo;594s;temperatura;123.75 °C
tempo;595s;temperatura;124.00 °C
tempo;596s;temperatura;123.75 °C
tempo;597s;temperatura;123.75 °C
tempo;598s;temperatura;124.00 °C
tempo;599s;temperatura;123.75 °C
tempo;600s;temperatura;123.50 °C
tempo;601s;temperatura;123.50 °C
tempo;602s;temperatura;123.50 °C
tempo;603s;temperatura;123.00 °C
tempo;604s;temperatura;123.50 °C
tempo;605s;temperatura;123.25 °C
tempo;606s;temperatura;122.75 °C
tempo;607s;temperatura;122.75 °C
tempo;608s;temperatura;122.75 °C
tempo;609s;temperatura;123.25 °C
tempo;610s;temperatura;122.75 °C
tempo;611s;temperatura;123.00 °C
tempo;612s;temperatura;123.25 °C
tempo;613s;temperatura;122.50 °C
tempo;614s;temperatura;122.50 °C
tempo;615s;temperatura;122.75 °C
tempo;616s;temperatura;122.75 °C
tempo;617s;temperatura;122.75 °C
tempo;618s;temperatura;122.50 °C
tempo;619s;temperatura;122.75 °C
tempo;620s;temperatura;122.50 °C
tempo;621s;temperatura;122.50 °C
tempo;622s;temperatura;122.25 °C
tempo;623s;temperatura;122.00 °C
tempo;624s;temperatura;122.50 °C
tempo;625s;temperatura;122.25 °C
tempo;626s;temperatura;122.25 °C
tempo;627s;temperatura;122.00 °C
tempo;628s;temperatura;122.50 °C
tempo;629s;temperatura;121.50 °C
tempo;630s;temperatura;122.00 °C
tempo;631s;temperatura;122.00 °C
tempo;632s;temperatura;121.75 °C
tempo;633s;temperatura;121.75 °C
tempo;634s;temperatura;121.75 °C
tempo;635s;temperatura;121.25 °C
tempo;636s;temperatura;121.50 °C
tempo;637s;temperatura;121.75 °C
tempo;638s;temperatura;121.50 °C
tempo;639s;temperatura;121.50 °C
tempo;640s;temperatura;121.50 °C
tempo;641s;temperatura;120.75 °C
tempo;642s;temperatura;121.50 °C
tempo;643s;temperatura;121.50 °C
tempo;644s;temperatura;121.25 °C
tempo;645s;temperatura;121.00 °C
tempo;646s;temperatura;121.00 °C
tempo;647s;temperatura;120.75 °C
tempo;648s;temperatura;120.50 °C
tempo;649s;temperatura;121.00 °C
tempo;650s;temperatura;120.75 °C
tempo;651s;temperatura;120.25 °C
tempo;652s;temperatura;120.50 °C
tempo;653s;temperatura;120.25 °C
tempo;654s;temperatura;120.75 °C
tempo;655s;temperatura;120.50 °C
tempo;656s;temperatura;120.00 °C
tempo;657s;temperatura;120.25 °C
tempo;658s;temperatura;119.75 °C
tempo;659s;temperatura;119.75 °C
tempo;660s;temperatura;119.50 °C
tempo;661s;temperatura;119.50 °C
tempo;662s;temperatura;119.75 °C
tempo;663s;temperatura;120.25 °C
tempo;664s;temperatura;119.50 °C
tempo;665s;temperatura;120.00 °C
tempo;666s;temperatura;120.00 °C
tempo;667s;temperatura;119.75 °C
tempo;668s;temperatura;119.25 °C
tempo;669s;temperatura;119.50 °C
tempo;670s;temperatura;119.50 °C
tempo;671s;temperatura;119.50 °C
tempo;672s;temperatura;119.25 °C
tempo;673s;temperatura;119.25 °C
tempo;674s;temperatura;118.50 °C
tempo;675s;temperatura;119.25 °C
tempo;676s;temperatura;119.00 °C
tempo;677s;temperatura;119.25 °C
tempo;678s;temperatura;119.25 °C
tempo;679s;temperatura;119.00 °C
tempo;680s;temperatura;118.50 °C
tempo;681s;temperatura;118.75 °C
tempo;682s;temperatura;118.50 °C
tempo;683s;temperatura;118.75 °C
tempo;684s;temperatura;118.50 °C
tempo;685s;temperatura;118.00 °C
tempo;686s;temperatura;118.50 °C
tempo;687s;temperatura;118.00 °C
tempo;688s;temperatura;118.00 °C
tempo;689s;temperatura;118.25 °C
tempo;690s;temperatura;118.00 °C
tempo;691s;temperatura;118.25 °C
tempo;692s;temperatura;117.25 °C
tempo;693s;temperatura;117.50 °C
tempo;694s;temperatura;118.25 °C
tempo;695s;temperatura;117.75 °C
tempo;696s;temperatura;117.25 °C
tempo;697s;temperatura;117.50 °C
tempo;698s;temperatura;117.50 °C
tempo;699s;temperatura;117.75 °C
tempo;700s;temperatura;117.00 °C
tempo;701s;temperatura;117.25 °C
tempo;702s;temperatura;117.25 °C
tempo;703s;temperatura;117.25 °C
tempo;704s;temperatura;117.25 °C
tempo;705s;temperatura;117.25 °C
tempo;706s;temperatura;117.25 °C
tempo;707s;temperatura;116.75 °C
tempo;708s;temperatura;117.25 °C
tempo;709s;temperatura;117.00 °C
tempo;710s;temperatura;116.75 °C
tempo;711s;temperatura;117.00 °C
tempo;712s;temperatura;116.75 °C
tempo;713s;temperatura;116.75 °C
tempo;714s;temperatura;116.75 °C
tempo;715s;temperatura;117.00 °C
tempo;716s;temperatura;116.25 °C
tempo;717s;temperatura;116.25 °C
tempo;718s;temperatura;116.25 °C
tempo;719s;temperatura;116.50 °C
tempo;720s;temperatura;116.00 °C
tempo;721s;temperatura;116.25 °C
tempo;722s;temperatura;116.25 °C
tempo;723s;temperatura;116.00 °C
tempo;724s;temperatura;116.00 °C
tempo;725s;temperatura;115.25 °C
tempo;726s;temperatura;116.00 °C
tempo;727s;temperatura;115.75 °C
tempo;728s;temperatura;115.75 °C
tempo;729s;temperatura;115.75 °C
tempo;730s;temperatura;115.50 °C
tempo;731s;temperatura;115.25 °C
tempo;732s;temperatura;115.00 °C
tempo;733s;temperatura;115.25 °C
tempo;734s;temperatura;115.25 °C
tempo;735s;temperatura;115.00 °C
tempo;736s;temperatura;115.00 °C
tempo;737s;temperatura;114.75 °C
tempo;738s;temperatura;115.00 °C
tempo;739s;temperatura;114.75 °C
tempo;740s;temperatura;114.75 °C
tempo;741s;temperatura;114.75 °C
tempo;742s;temperatura;114.75 °C
tempo;743s;temperatura;114.75 °C
tempo;744s;temperatura;114.50 °C
tempo;745s;temperatura;113.75 °C
tempo;746s;temperatura;114.50 °C
tempo;747s;temperatura;114.25 °C
tempo;748s;temperatura;114.25 °C
tempo;749s;temperatura;114.25 °C
tempo;750s;temperatura;113.75 °C
tempo;751s;temperatura;114.00 °C
tempo;752s;temperatura;113.50 °C
tempo;753s;temperatura;113.25 °C
tempo;754s;temperatura;113.75 °C
tempo;755s;temperatura;113.50 °C
tempo;756s;temperatura;114.00 °C
tempo;757s;temperatura;113.00 °C
tempo;758s;temperatura;114.00 °C
tempo;759s;temperatura;113.50 °C
tempo;760s;temperatura;113.50 °C
tempo;761s;temperatura;113.25 °C
tempo;762s;temperatura;112.75 °C
tempo;763s;temperatura;112.75 °C
tempo;764s;temperatura;113.00 °C
tempo;765s;temperatura;113.00 °C
tempo;766s;temperatura;113.25 °C
tempo;767s;temperatura;112.50 °C
tempo;768s;temperatura;113.00 °C
tempo;769s;temperatura;112.75 °C
tempo;770s;temperatura;112.00 °C
tempo;771s;temperatura;112.75 °C
tempo;772s;temperatura;112.50 °C
tempo;773s;temperatura;112.75 °C
tempo;774s;temperatura;112.50 °C
tempo;775s;temperatura;112.25 °C
tempo;776s;temperatura;112.00 °C
tempo;777s;temperatura;112.25 °C
tempo;778s;temperatura;112.25 °C
tempo;779s;temperatura;112.25 °C
tempo;780s;temperatura;112.25 °C
tempo;781s;temperatura;111.75 °C
tempo;782s;temperatura;111.50 °C
tempo;783s;temperatura;111.50 °C
tempo;784s;temperatura;111.75 °C
tempo;785s;temperatura;111.50 °C
tempo;786s;temperatura;111.50 °C
tempo;787s;temperatura;111.50 °C
tempo;788s;temperatura;111.25 °C
tempo;789s;temperatura;111.25 °C
tempo;790s;temperatura;111.50 °C
tempo;791s;temperatura;111.00 °C
tempo;792s;temperatura;111.00 °C
tempo;793s;temperatura;111.25 °C
tempo;794s;temperatura;111.00 °C
tempo;795s;temperatura;110.75 °C
tempo;796s;temperatura;110.75 °C
tempo;797s;temperatura;111.00 °C
tempo;798s;temperatura;110.50 °C
tempo;799s;temperatura;110.25 °C
tempo;800s;temperatura;110.00 °C
tempo;801s;temperatura;110.50 °C
tempo;802s;temperatura;110.50 °C
tempo;803s;temperatura;110.25 °C
tempo;804s;temperatura;110.25 °C
tempo;805s;temperatura;110.25 °C
tempo;806s;temperatura;109.75 °C
tempo;807s;temperatura;110.00 °C
tempo;808s;temperatura;110.25 °C
tempo;809s;temperatura;110.00 °C
tempo;810s;temperatura;110.00 °C
tempo;811s;temperatura;109.75 °C
tempo;812s;temperatura;109.50 °C
tempo;813s;temperatura;108.75 °C
tempo;814s;temperatura;109.25 °C
tempo;815s;temperatura;109.50 °C
tempo;816s;temperatura;108.75 °C
tempo;817s;temperatura;109.00 °C
tempo;818s;temperatura;109.25 °C
tempo;819s;temperatura;108.50 °C
tempo;820s;temperatura;108.75 °C
tempo;821s;temperatura;108.75 °C
tempo;822s;temperatura;108.75 °C
tempo;823s;temperatura;108.50 °C
tempo;824s;temperatura;108.00 °C
tempo;825s;temperatura;108.75 °C
tempo;826s;temperatura;108.25 °C
tempo;827s;temperatura;108.50 °C
tempo;828s;temperatura;108.00 °C
tempo;829s;temperatura;107.75 °C
tempo;830s;temperatura;108.00 °C
tempo;831s;temperatura;108.25 °C
tempo;832s;temperatura;108.00 °C
tempo;833s;temperatura;108.00 °C
tempo;834s;temperatura;108.00 °C
tempo;835s;temperatura;108.00 °C
tempo;836s;temperatura;107.75 °C
tempo;837s;temperatura;108.00 °C
tempo;838s;temperatura;107.75 °C
tempo;839s;temperatura;107.50 °C
tempo;840s;temperatura;107.50 °C
tempo;841s;temperatura;107.50 °C
tempo;842s;temperatura;107.50 °C
tempo;843s;temperatura;107.25 °C
tempo;844s;temperatura;107.25 °C
tempo;845s;temperatura;106.50 °C
tempo;846s;temperatura;107.00 °C
tempo;847s;temperatura;107.25 °C
tempo;848s;temperatura;107.00 °C
tempo;849s;temperatura;106.50 °C
tempo;850s;temperatura;107.00 °C
tempo;851s;temperatura;106.75 °C
tempo;852s;temperatura;107.00 °C
tempo;853s;temperatura;106.25 °C
tempo;854s;temperatura;106.75 °C
tempo;855s;temperatura;106.50 °C
tempo;856s;temperatura;106.75 °C
tempo;857s;temperatura;106.25 °C
tempo;858s;temperatura;106.00 °C
tempo;859s;temperatura;106.75 °C
tempo;860s;temperatura;106.25 °C
tempo;861s;temperatura;106.50 °C
tempo;862s;temperatura;106.75 °C
tempo;863s;temperatura;106.50 °C
tempo;864s;temperatura;106.25 °C
tempo;865s;temperatura;105.75 °C
tempo;866s;temperatura;106.50 °C
tempo;867s;temperatura;106.00 °C
tempo;868s;temperatura;106.25 °C
tempo;869s;temperatura;106.75 °C
tempo;870s;temperatura;106.75 °C
tempo;871s;temperatura;105.75 °C
tempo;872s;temperatura;106.75 °C
tempo;873s;temperatura;106.75 °C
tempo;874s;temperatura;105.75 °C
tempo;875s;temperatura;106.75 °C
tempo;876s;temperatura;106.50 °C
tempo;877s;temperatura;106.75 °C
tempo;878s;temperatura;106.75 °C
tempo;879s;temperatura;106.75 °C
tempo;880s;temperatura;106.75 °C
tempo;881s;temperatura;106.50 °C
tempo;882s;temperatura;106.75 °C
tempo;883s;temperatura;106.75 °C
tempo;884s;temperatura;105.75 °C
tempo;885s;temperatura;106.50 °C
tempo;886s;temperatura;106.00 °C
tempo;887s;temperatura;106.50 °C
tempo;888s;temperatura;107.00 °C
tempo;889s;temperatura;106.50 °C
tempo;890s;temperatura;106.75 °C
tempo;891s;temperatura;106.50 °C
tempo;892s;temperatura;106.75 °C
tempo;893s;temperatura;107.00 °C
tempo;894s;temperatura;106.50 °C
tempo;895s;temperatura;107.25 °C
tempo;896s;temperatura;106.75 °C
tempo;897s;temperatura;107.50 °C
tempo;898s;temperatura;107.50 °C
tempo;899s;temperatura;107.00 °C
tempo;900s;temperatura;107.00 °C
tempo;901s;temperatura;107.50 °C
tempo;902s;temperatura;107.75 °C
tempo;903s;temperatura;107.50 °C
tempo;904s;temperatura;107.75 °C
tempo;905s;temperatura;107.50 °C
tempo;906s;temperatura;107.75 °C
tempo;907s;temperatura;107.50 °C
tempo;908s;temperatura;107.50 °C
tempo;909s;temperatura;108.00 °C
tempo;910s;temperatura;108.00 °C
tempo;911s;temperatura;108.25 °C
tempo;912s;temperatura;107.50 °C
tempo;913s;temperatura;108.25 °C
tempo;914s;temperatura;108.25 °C
tempo;915s;temperatura;108.25 °C
tempo;916s;temperatura;108.50 °C
tempo;917s;temperatura;108.75 °C
tempo;918s;temperatura;108.25 °C
tempo;919s;temperatura;108.75 °C
tempo;920s;temperatura;108.75 °C
tempo;921s;temperatura;108.50 °C
tempo;922s;temperatura;108.75 °C
tempo;923s;temperatura;108.50 °C
tempo;924s;temperatura;108.75 °C
tempo;925s;temperatura;109.00 °C
tempo;926s;temperatura;109.00 °C
tempo;927s;temperatura;109.00 °C
tempo;928s;temperatura;108.75 °C
tempo;929s;temperatura;109.25 °C
tempo;930s;temperatura;109.50 °C
tempo;931s;temperatura;110.00 °C
tempo;932s;temperatura;110.25 °C
tempo;933s;temperatura;110.25 °C
tempo;934s;temperatura;110.25 °C
tempo;935s;temperatura;109.75 °C
tempo;936s;temperatura;110.50 °C
tempo;937s;temperatura;110.50 °C
tempo;938s;temperatura;111.00 °C
tempo;939s;temperatura;111.00 °C
tempo;940s;temperatura;110.75 °C
tempo;941s;temperatura;111.00 °C
tempo;942s;temperatura;111.00 °C
tempo;943s;temperatura;111.00 °C
tempo;944s;temperatura;111.25 °C
tempo;945s;temperatura;111.50 °C
tempo;946s;temperatura;111.75 °C
tempo;947s;temperatura;111.50 °C
tempo;948s;temperatura;111.75 °C
tempo;949s;temperatura;112.00 °C
tempo;950s;temperatura;112.00 °C
tempo;951s;temperatura;112.25 °C
tempo;952s;temperatura;112.50 °C
tempo;953s;temperatura;111.75 °C
tempo;954s;temperatura;112.25 °C
tempo;955s;temperatura;112.50 °C
tempo;956s;temperatura;112.75 °C
tempo;957s;temperatura;113.00 °C
tempo;958s;temperatura;112.75 °C
tempo;959s;temperatura;112.50 °C
tempo;960s;temperatura;112.75 °C
tempo;961s;temperatura;112.75 °C
tempo;962s;temperatura;113.50 °C
tempo;963s;temperatura;113.25 °C
tempo;964s;temperatura;113.25 °C
tempo;965s;temperatura;113.00 °C
tempo;966s;temperatura;113.50 °C
tempo;967s;temperatura;113.50 °C
tempo;968s;temperatura;113.75 °C
tempo;969s;temperatura;113.25 °C
tempo;970s;temperatura;113.00 °C
tempo;971s;temperatura;114.00 °C
tempo;972s;temperatura;113.75 °C
tempo;973s;temperatura;114.25 °C
tempo;974s;temperatura;114.25 °C
tempo;975s;temperatura;114.25 °C
tempo;976s;temperatura;114.25 °C
tempo;977s;temperatura;114.75 °C
tempo;978s;temperatura;114.50 °C
tempo;979s;temperatura;114.75 °C
tempo;980s;temperatura;114.75 °C
tempo;981s;temperatura;114.25 °C
tempo;982s;temperatura;114.75 °C
tempo;983s;temperatura;114.75 °C
tempo;984s;temperatura;114.75 °C
tempo;985s;temperatura;114.75 °C
tempo;986s;temperatura;114.75 °C
tempo;987s;temperatura;115.00 °C
tempo;988s;temperatura;115.00 °C
tempo;989s;temperatura;115.00 °C
tempo;990s;temperatura;115.25 °C
tempo;991s;temperatura;115.00 °C
tempo;992s;temperatura;114.75 °C
tempo;993s;temperatura;115.00 °C
tempo;994s;temperatura;115.25 °C
tempo;995s;temperatura;115.25 °C
tempo;996s;temperatura;115.25 °C
tempo;997s;temperatura;114.75 °C
tempo;998s;temperatura;115.25 °C
tempo;999s;temperatura;115.25 °C
tempo;1000s;temperatura;115.50 °C
tempo;1001s;temperatura;115.25 °C
tempo;1002s;temperatura;115.00 °C
tempo;1003s;temperatura;115.50 °C
tempo;1004s;temperatura;115.50 °C
tempo;1005s;temperatura;115.25 °C
tempo;1006s;temperatura;115.50 °C
tempo;1007s;temperatura;115.50 °C
tempo;1008s;temperatura;115.50 °C
tempo;1009s;temperatura;115.50 °C
tempo;1010s;temperatura;115.25 °C
tempo;1011s;temperatura;115.50 °C
tempo;1012s;temperatura;115.25 °C
tempo;1013s;temperatura;115.75 °C
tempo;1014s;temperatura;115.75 °C
tempo;1015s;temperatura;115.75 °C
tempo;1016s;temperatura;115.75 °C
tempo;1017s;temperatura;115.25 °C
tempo;1018s;temperatura;115.50 °C
tempo;1019s;temperatura;115.50 °C
tempo;1020s;temperatura;116.00 °C
tempo;1021s;temperatura;115.75 °C
tempo;1022s;temperatura;115.75 °C
tempo;1023s;temperatura;115.75 °C
tempo;1024s;temperatura;115.75 °C
tempo;1025s;temperatura;115.50 °C
tempo;1026s;temperatura;115.50 °C
tempo;1027s;temperatura;115.25 °C
tempo;1028s;temperatura;115.25 °C
tempo;1029s;temperatura;116.00 °C
tempo;1030s;temperatura;115.75 °C
tempo;1031s;temperatura;115.75 °C
tempo;1032s;temperatura;115.75 °C
tempo;1033s;temperatura;116.25 °C
tempo;1034s;temperatura;115.50 °C
tempo;1035s;temperatura;115.25 °C
tempo;1036s;temperatura;116.00 °C
tempo;1037s;temperatura;116.00 °C
tempo;1038s;temperatura;116.25 °C
tempo;1039s;temperatura;116.25 °C
tempo;1040s;temperatura;115.50 °C
tempo;1041s;temperatura;115.75 °C
tempo;1042s;temperatura;115.75 °C
tempo;1043s;temperatura;115.75 °C
tempo;1044s;temperatura;115.75 °C
tempo;1045s;temperatura;116.25 °C
tempo;1046s;temperatura;115.50 °C
tempo;1047s;temperatura;116.00 °C
tempo;1048s;temperatura;116.00 °C
tempo;1049s;temperatura;116.25 °C
tempo;1050s;temperatura;115.75 °C
tempo;1051s;temperatura;116.00 °C
tempo;1052s;temperatura;116.00 °C
tempo;1053s;temperatura;115.75 °C
tempo;1054s;temperatura;116.00 °C
tempo;1055s;temperatura;115.75 °C
tempo;1056s;temperatura;115.75 °C
tempo;1057s;temperatura;115.50 °C
tempo;1058s;temperatura;115.50 °C
tempo;1059s;temperatura;115.75 °C
tempo;1060s;temperatura;115.50 °C
tempo;1061s;temperatura;115.50 °C
tempo;1062s;temperatura;115.75 °C
tempo;1063s;temperatura;115.25 °C
tempo;1064s;temperatura;116.00 °C
tempo;1065s;temperatura;115.75 °C
tempo;1066s;temperatura;116.00 °C
tempo;1067s;temperatura;115.50 °C
tempo;1068s;temperatura;115.75 °C
tempo;1069s;temperatura;116.00 °C
tempo;1070s;temperatura;115.50 °C
tempo;1071s;temperatura;115.25 °C
tempo;1072s;temperatura;115.25 °C
tempo;1073s;temperatura;115.75 °C
tempo;1074s;temperatura;115.75 °C
tempo;1075s;temperatura;115.25 °C
tempo;1076s;temperatura;115.50 °C
tempo;1077s;temperatura;115.50 °C
tempo;1078s;temperatura;115.00 °C
tempo;1079s;temperatura;115.50 °C
tempo;1080s;temperatura;114.75 °C
tempo;1081s;temperatura;115.50 °C
tempo;1082s;temperatura;115.25 °C
tempo;1083s;temperatura;115.25 °C
tempo;1084s;temperatura;115.25 °C
tempo;1085s;temperatura;114.75 °C
tempo;1086s;temperatura;115.50 °C
tempo;1087s;temperatura;115.25 °C
tempo;1088s;temperatura;115.00 °C
tempo;1089s;temperatura;115.00 °C
tempo;1090s;temperatura;115.50 °C
tempo;1091s;temperatura;115.25 °C
tempo;1092s;temperatura;114.75 °C
tempo;1093s;temperatura;114.75 °C
tempo;1094s;temperatura;114.75 °C
tempo;1095s;temperatura;114.75 °C
tempo;1096s;temperatura;114.75 °C
tempo;1097s;temperatura;115.25 °C
tempo;1098s;temperatura;114.75 °C
tempo;1099s;temperatura;114.50 °C
tempo;1100s;temperatura;114.75 °C
tempo;1101s;temperatura;114.50 °C
tempo;1102s;temperatura;115.00 °C
tempo;1103s;temperatura;114.50 °C
tempo;1104s;temperatura;114.75 °C
tempo;1105s;temperatura;114.50 °C
tempo;1106s;temperatura;114.75 °C
tempo;1107s;temperatura;115.00 °C
tempo;1108s;temperatura;114.25 °C
tempo;1109s;temperatura;114.50 °C
tempo;1110s;temperatura;114.50 °C
tempo;1111s;temperatura;114.75 °C
tempo;1112s;temperatura;114.00 °C
tempo;1113s;temperatura;114.50 °C
tempo;1114s;temperatura;114.50 °C
tempo;1115s;temperatura;114.25 °C
tempo;1116s;temperatura;114.00 °C
tempo;1117s;temperatura;113.75 °C
tempo;1118s;temperatura;114.00 °C
tempo;1119s;temperatura;114.00 °C
tempo;1120s;temperatura;114.00 °C
tempo;1121s;temperatura;114.25 °C
tempo;1122s;temperatura;114.00 °C
tempo;1123s;temperatura;114.25 °C
tempo;1124s;temperatura;114.00 °C
tempo;1125s;temperatura;113.50 °C
tempo;1126s;temperatura;114.00 °C
tempo;1127s;temperatura;113.75 °C
tempo;1128s;temperatura;113.75 °C
tempo;1129s;temperatura;113.50 °C
tempo;1130s;temperatura;114.00 °C
tempo;1131s;temperatura;113.50 °C
tempo;1132s;temperatura;113.75 °C
tempo;1133s;temperatura;113.50 °C
tempo;1134s;temperatura;113.25 °C
tempo;1135s;temperatura;113.25 °C
tempo;1136s;temperatura;113.50 °C
tempo;1137s;temperatura;113.25 °C
tempo;1138s;temperatura;113.50 °C
tempo;1139s;temperatura;113.25 °C
tempo;1140s;temperatura;113.50 °C
tempo;1141s;temperatura;113.00 °C
tempo;1142s;temperatura;113.50 °C
tempo;1143s;temperatura;113.25 °C
tempo;1144s;temperatura;112.75 °C
tempo;1145s;temperatura;113.00 °C
tempo;1146s;temperatura;113.00 °C
tempo;1147s;temperatura;113.00 °C
tempo;1148s;temperatura;113.00 °C
tempo;1149s;temperatura;113.00 °C
tempo;1150s;temperatura;112.25 °C
tempo;1151s;temperatura;112.50 °C
tempo;1152s;temperatura;112.75 °C
tempo;1153s;temperatura;112.50 °C
tempo;1154s;temperatura;113.00 °C
tempo;1155s;temperatura;112.75 °C
tempo;1156s;temperatura;112.50 °C
tempo;1157s;temperatura;112.25 °C
tempo;1158s;temperatura;112.25 °C
tempo;1159s;temperatura;112.00 °C
tempo;1160s;temperatura;112.50 °C
tempo;1161s;temperatura;112.00 °C
tempo;1162s;temperatura;112.25 °C
tempo;1163s;temperatura;112.50 °C
tempo;1164s;temperatura;112.00 °C
tempo;1165s;temperatura;112.00 °C
tempo;1166s;temperatura;112.25 °C
tempo;1167s;temperatura;112.25 °C
tempo;1168s;temperatura;112.00 °C
tempo;1169s;temperatura;111.50 °C
tempo;1170s;temperatura;111.75 °C
tempo;1171s;temperatura;111.75 °C
tempo;1172s;temperatura;111.50 °C
tempo;1173s;temperatura;111.75 °C
tempo;1174s;temperatura;112.00 °C
tempo;1175s;temperatura;111.50 °C
tempo;1176s;temperatura;111.75 °C
tempo;1177s;temperatura;111.50 °C
tempo;1178s;temperatura;111.25 °C
tempo;1179s;temperatura;111.25 °C
tempo;1180s;temperatura;111.25 °C
tempo;1181s;temperatura;111.25 °C
tempo;1182s;temperatura;110.75 °C
tempo;1183s;temperatura;111.00 °C
tempo;1184s;temperatura;111.00 °C
tempo;1185s;temperatura;111.00 °C
tempo;1186s;temperatura;111.00 °C
tempo;1187s;temperatura;110.75 °C
tempo;1188s;temperatura;110.75 °C
tempo;1189s;temperatura;110.25 °C
tempo;1190s;temperatura;111.00 °C
tempo;1191s;temperatura;110.75 °C
tempo;1192s;temperatura;110.25 °C
tempo;1193s;temperatura;110.50 °C
tempo;1194s;temperatura;110.75 °C
tempo;1195s;temperatura;110.75 °C
tempo;1196s;temperatura;110.25 °C
tempo;1197s;temperatura;110.50 °C
tempo;1198s;temperatura;110.00 °C
tempo;1199s;temperatura;110.00 °C
tempo;1200s;temperatura;110.50 °C
tempo;1201s;temperatura;110.00 °C
tempo;1202s;temperatura;110.25 °C
tempo;1203s;temperatura;110.00 °C
tempo;1204s;temperatura;109.75 °C
tempo;1205s;temperatura;109.75 °C
tempo;1206s;temperatura;109.25 °C
tempo;1207s;temperatura;109.00 °C
tempo;1208s;temperatura;109.75 °C
tempo;1209s;temperatura;109.00 °C
tempo;1210s;temperatura;109.50 °C
tempo;1211s;temperatura;109.50 °C
tempo;1212s;temperatura;109.00 °C
tempo;1213s;temperatura;109.00 °C
tempo;1214s;temperatura;109.50 °C
tempo;1215s;temperatura;109.00 °C
tempo;1216s;temperatura;109.25 °C
tempo;1217s;temperatura;109.25 °C
tempo;1218s;temperatura;108.75 °C
tempo;1219s;temperatura;109.00 °C
tempo;1220s;temperatura;109.25 °C
tempo;1221s;temperatura;109.00 °C
tempo;1222s;temperatura;108.25 °C
tempo;1223s;temperatura;108.75 °C
tempo;1224s;temperatura;108.75 °C
tempo;1225s;temperatura;108.50 °C
tempo;1226s;temperatura;108.50 °C
tempo;1227s;temperatura;108.50 °C
tempo;1228s;temperatura;108.75 °C
tempo;1229s;temperatura;108.75 °C
tempo;1230s;temperatura;108.50 °C
tempo;1231s;temperatura;108.50 °C
tempo;1232s;temperatura;108.25 °C
tempo;1233s;temperatura;108.25 °C
tempo;1234s;temperatura;108.25 °C
tempo;1235s;temperatura;108.50 °C
tempo;1236s;temperatura;107.50 °C
tempo;1237s;temperatura;107.75 °C
tempo;1238s;temperatura;108.25 °C
tempo;1239s;temperatura;108.25 °C
tempo;1240s;temperatura;108.00 °C
tempo;1241s;temperatura;108.25 °C
tempo;1242s;temperatura;108.00 °C
tempo;1243s;temperatura;108.25 °C
tempo;1244s;temperatura;107.75 °C
tempo;1245s;temperatura;108.25 °C
tempo;1246s;temperatura;108.00 °C
tempo;1247s;temperatura;108.00 °C
tempo;1248s;temperatura;107.50 °C
tempo;1249s;temperatura;107.75 °C
tempo;1250s;temperatura;108.25 °C
tempo;1251s;temperatura;108.25 °C
tempo;1252s;temperatura;108.25 °C
tempo;1253s;temperatura;108.25 °C
tempo;1254s;temperatura;108.00 °C
tempo;1255s;temperatura;107.75 °C
tempo;1256s;temperatura;108.00 °C
tempo;1257s;temperatura;107.75 °C
tempo;1258s;temperatura;108.00 °C
tempo;1259s;temperatura;107.75 °C
tempo;1260s;temperatura;108.75 °C
tempo;1261s;temperatura;107.75 °C
tempo;1262s;temperatura;108.00 °C
tempo;1263s;temperatura;108.00 °C
tempo;1264s;temperatura;108.00 °C
tempo;1265s;temperatura;108.25 °C
tempo;1266s;temperatura;108.25 °C
tempo;1267s;temperatura;108.25 °C
tempo;1268s;temperatura;107.75 °C
tempo;1269s;temperatura;108.25 °C
tempo;1270s;temperatura;108.25 °C
tempo;1271s;temperatura;108.50 °C
tempo;1272s;temperatura;108.25 °C
tempo;1273s;temperatura;108.75 °C
tempo;1274s;temperatura;108.00 °C
tempo;1275s;temperatura;108.75 °C
tempo;1276s;temperatura;108.50 °C
tempo;1277s;temperatura;109.00 °C
tempo;1278s;temperatura;108.50 °C
tempo;1279s;temperatura;109.00 °C
tempo;1280s;temperatura;108.75 °C
tempo;1281s;temperatura;108.75 °C
tempo;1282s;temperatura;108.75 °C
tempo;1283s;temperatura;109.00 °C
tempo;1284s;temperatura;108.75 °C
tempo;1285s;temperatura;109.50 °C
tempo;1286s;temperatura;109.00 °C
tempo;1287s;temperatura;109.00 °C
tempo;1288s;temperatura;109.00 °C
tempo;1289s;temperatura;109.75 °C
tempo;1290s;temperatura;109.50 °C
tempo;1291s;temperatura;109.75 °C
tempo;1292s;temperatura;109.50 °C
tempo;1293s;temperatura;109.75 °C
tempo;1294s;temperatura;109.00 °C
tempo;1295s;temperatura;110.00 °C
tempo;1296s;temperatura;110.50 °C
tempo;1297s;temperatura;109.75 °C
tempo;1298s;temperatura;109.75 °C
tempo;1299s;temperatura;109.75 °C
tempo;1300s;temperatura;109.75 °C
tempo;1301s;temperatura;110.25 °C
tempo;1302s;temperatura;111.00 °C
tempo;1303s;temperatura;110.75 °C
tempo;1304s;temperatura;110.50 °C
tempo;1305s;temperatura;111.00 °C
tempo;1306s;temperatura;111.00 °C
tempo;1307s;temperatura;111.25 °C
tempo;1308s;temperatura;111.25 °C
tempo;1309s;temperatura;111.50 °C
tempo;1310s;temperatura;111.75 °C
tempo;1311s;temperatura;111.50 °C
tempo;1312s;temperatura;111.75 °C
tempo;1313s;temperatura;111.25 °C
tempo;1314s;temperatura;111.25 °C
tempo;1315s;temperatura;111.75 °C
tempo;1316s;temperatura;111.75 °C
tempo;1317s;temperatura;111.25 °C
tempo;1318s;temperatura;112.00 °C
tempo;1319s;temperatura;111.50 °C
tempo;1320s;temperatura;112.25 °C
tempo;1321s;temperatura;112.50 °C
tempo;1322s;temperatura;112.50 °C
tempo;1323s;temperatura;112.50 °C
tempo;1324s;temperatura;112.50 °C
tempo;1325s;temperatura;112.50 °C
tempo;1326s;temperatura;112.75 °C
tempo;1327s;temperatura;112.75 °C
tempo;1328s;temperatura;113.25 °C
tempo;1329s;temperatura;112.50 °C
tempo;1330s;temperatura;112.75 °C
tempo;1331s;temperatura;112.75 °C
tempo;1332s;temperatura;112.75 °C
tempo;1333s;temperatura;113.25 °C
tempo;1334s;temperatura;113.25 °C
tempo;1335s;temperatura;113.50 °C
tempo;1336s;temperatura;113.00 °C
tempo;1337s;temperatura;113.25 °C
tempo;1338s;temperatura;113.50 °C
tempo;1339s;temperatura;113.25 °C
tempo;1340s;temperatura;113.75 °C
tempo;1341s;temperatura;113.25 °C
tempo;1342s;temperatura;113.50 °C
tempo;1343s;temperatura;113.75 °C
tempo;1344s;temperatura;113.50 °C
tempo;1345s;temperatura;114.00 °C
tempo;1346s;temperatura;114.00 °C
tempo;1347s;temperatura;114.25 °C
tempo;1348s;temperatura;114.25 °C
tempo;1349s;temperatura;114.25 °C
tempo;1350s;temperatura;114.50 °C
tempo;1351s;temperatura;114.25 °C
tempo;1352s;temperatura;114.50 °C
tempo;1353s;temperatura;114.50 °C
tempo;1354s;temperatura;114.50 °C
tempo;1355s;temperatura;114.25 °C
tempo;1356s;temperatura;114.75 °C
tempo;1357s;temperatura;114.50 °C
tempo;1358s;temperatura;114.50 °C
tempo;1359s;temperatura;114.50 °C
tempo;1360s;temperatura;115.00 °C
tempo;1361s;temperatura;114.00 °C
tempo;1362s;temperatura;114.75 °C
tempo;1363s;temperatura;114.75 °C
tempo;1364s;temperatura;114.50 °C
tempo;1365s;temperatura;115.25 °C
tempo;1366s;temperatura;115.00 °C
tempo;1367s;temperatura;114.75 °C
tempo;1368s;temperatura;114.50 °C
tempo;1369s;temperatura;115.00 °C
tempo;1370s;temperatura;114.75 °C
tempo;1371s;temperatura;114.50 °C
tempo;1372s;temperatura;114.50 °C
tempo;1373s;temperatura;115.25 °C
tempo;1374s;temperatura;115.25 °C
tempo;1375s;temperatura;115.00 °C
tempo;1376s;temperatura;115.00 °C
tempo;1377s;temperatura;115.25 °C
tempo;1378s;temperatura;115.25 °C
tempo;1379s;temperatura;115.00 °C
tempo;1380s;temperatura;115.00 °C
tempo;1381s;temperatura;115.00 °C
tempo;1382s;temperatura;115.25 °C
tempo;1383s;temperatura;115.25 °C
tempo;1384s;temperatura;115.00 °C
tempo;1385s;temperatura;115.25 °C
tempo;1386s;temperatura;115.00 °C
tempo;1387s;temperatura;115.25 °C
tempo;1388s;temperatura;115.25 °C
tempo;1389s;temperatura;115.00 °C
tempo;1390s;temperatura;115.00 °C
tempo;1391s;temperatura;115.25 °C
tempo;1392s;temperatura;115.50 °C
tempo;1393s;temperatura;115.00 °C
tempo;1394s;temperatura;115.00 °C
tempo;1395s;temperatura;115.00 °C
tempo;1396s;temperatura;114.75 °C
tempo;1397s;temperatura;115.00 °C
tempo;1398s;temperatura;115.50 °C
tempo;1399s;temperatura;115.00 °C
tempo;1400s;temperatura;114.75 °C
tempo;1401s;temperatura;115.25 °C
tempo;1402s;temperatura;115.00 °C
tempo;1403s;temperatura;115.25 °C
tempo;1404s;temperatura;115.50 °C
tempo;1405s;temperatura;115.25 °C
tempo;1406s;temperatura;115.25 °C
tempo;1407s;temperatura;115.00 °C
tempo;1408s;temperatura;115.25 °C
tempo;1409s;temperatura;115.25 °C
tempo;1410s;temperatura;114.75 °C
tempo;1411s;temperatura;115.00 °C
tempo;1412s;temperatura;115.25 °C
tempo;1413s;temperatura;115.00 °C
tempo;1414s;temperatura;115.00 °C
tempo;1415s;temperatura;114.75 °C
tempo;1416s;temperatura;115.25 °C
tempo;1417s;temperatura;114.75 °C
tempo;1418s;temperatura;115.00 °C
tempo;1419s;temperatura;114.75 °C
tempo;1420s;temperatura;114.50 °C
tempo;1421s;temperatura;115.00 °C
tempo;1422s;temperatura;114.50 °C
tempo;1423s;temperatura;114.25 °C
tempo;1424s;temperatura;114.50 °C
tempo;1425s;temperatura;114.75 °C
tempo;1426s;temperatura;114.75 °C
tempo;1427s;temperatura;115.25 °C
tempo;1428s;temperatura;115.25 °C
tempo;1429s;temperatura;114.75 °C
tempo;1430s;temperatura;114.50 °C
tempo;1431s;temperatura;114.25 °C
tempo;1432s;temperatura;114.75 °C
tempo;1433s;temperatura;114.50 °C
tempo;1434s;temperatura;114.75 °C
tempo;1435s;temperatura;115.00 °C
tempo;1436s;temperatura;114.00 °C
tempo;1437s;temperatura;114.50 °C
tempo;1438s;temperatura;114.50 °C
tempo;1439s;temperatura;114.25 °C
tempo;1440s;temperatura;114.75 °C
tempo;1441s;temperatura;114.50 °C
tempo;1442s;temperatura;114.50 °C
tempo;1443s;temperatura;114.50 °C
tempo;1444s;temperatura;114.50 °C
tempo;1445s;temperatura;114.75 °C
tempo;1446s;temperatura;114.50 °C
tempo;1447s;temperatura;114.25 °C
tempo;1448s;temperatura;114.25 °C
tempo;1449s;temperatura;114.00 °C
tempo;1450s;temperatura;114.00 °C
tempo;1451s;temperatura;114.25 °C
tempo;1452s;temperatura;114.25 °C
tempo;1453s;temperatura;114.25 °C
tempo;1454s;temperatura;114.00 °C
tempo;1455s;temperatura;113.75 °C
tempo;1456s;temperatura;114.25 °C
tempo;1457s;temperatura;114.25 °C
tempo;1458s;temperatura;114.25 °C
tempo;1459s;temperatura;113.50 °C
tempo;1460s;temperatura;114.25 °C
tempo;1461s;temperatura;114.00 °C
tempo;1462s;temperatura;114.25 °C
tempo;1463s;temperatura;114.00 °C
tempo;1464s;temperatura;113.75 °C
tempo;1465s;temperatura;114.00 °C
tempo;1466s;temperatura;114.00 °C
tempo;1467s;temperatura;113.50 °C
tempo;1468s;temperatura;113.25 °C
tempo;1469s;temperatura;113.75 °C
tempo;1470s;temperatura;114.00 °C
tempo;1471s;temperatura;113.75 °C
tempo;1472s;temperatura;113.25 °C
tempo;1473s;temperatura;113.50 °C
tempo;1474s;temperatura;113.75 °C
tempo;1475s;temperatura;114.00 °C
tempo;1476s;temperatura;113.75 °C
tempo;1477s;temperatura;113.25 °C
tempo;1478s;temperatura;113.50 °C
tempo;1479s;temperatura;113.50 °C
tempo;1480s;temperatura;112.75 °C
tempo;1481s;temperatura;113.25 °C
tempo;1482s;temperatura;113.25 °C
tempo;1483s;temperatura;113.25 °C
tempo;1484s;temperatura;113.50 °C
tempo;1485s;temperatura;113.25 °C
tempo;1486s;temperatura;113.25 °C
tempo;1487s;temperatura;113.00 °C
tempo;1488s;temperatura;113.25 °C
tempo;1489s;temperatura;112.50 °C
tempo;1490s;temperatura;113.00 °C
tempo;1491s;temperatura;113.00 °C
tempo;1492s;temperatura;113.25 °C
tempo;1493s;temperatura;112.50 °C
tempo;1494s;temperatura;112.50 °C
tempo;1495s;temperatura;112.50 °C
tempo;1496s;temperatura;112.75 °C
tempo;1497s;temperatura;112.50 °C
tempo;1498s;temperatura;112.75 °C
tempo;1499s;temperatura;112.75 °C
tempo;1500s;temperatura;112.50 °C
tempo;1501s;temperatura;112.00 °C
tempo;1502s;temperatura;112.50 °C
tempo;1503s;temperatura;112.25 °C
tempo;1504s;temperatura;112.50 °C
tempo;1505s;temperatura;112.25 °C
tempo;1506s;temperatura;112.00 °C
tempo;1507s;temperatura;112.00 °C
tempo;1508s;temperatura;112.00 °C
tempo;1509s;temperatura;112.25 °C
tempo;1510s;temperatura;111.75 °C
tempo;1511s;temperatura;112.25 °C
tempo;1512s;temperatura;112.00 °C
tempo;1513s;temperatura;112.25 °C
tempo;1514s;temperatura;111.75 °C
tempo;1515s;temperatura;111.50 °C
tempo;1516s;temperatura;112.00 °C
tempo;1517s;temperatura;111.50 °C
tempo;1518s;temperatura;111.00 °C
tempo;1519s;temperatura;112.00 °C
tempo;1520s;temperatura;111.50 °C
tempo;1521s;temperatura;111.50 °C
tempo;1522s;temperatura;111.75 °C
tempo;1523s;temperatura;111.75 °C
tempo;1524s;temperatura;111.75 °C
tempo;1525s;temperatura;111.50 °C
tempo;1526s;temperatura;111.25 °C
tempo;1527s;temperatura;111.50 °C
tempo;1528s;temperatura;110.75 °C
tempo;1529s;temperatura;111.50 °C
tempo;1530s;temperatura;110.75 °C
tempo;1531s;temperatura;110.75 °C
tempo;1532s;temperatura;111.25 °C
tempo;1533s;temperatura;111.25 °C
tempo;1534s;temperatura;111.25 °C
tempo;1535s;temperatura;110.50 °C
tempo;1536s;temperatura;111.00 °C
tempo;1537s;temperatura;110.75 °C
tempo;1538s;temperatura;110.75 °C
tempo;1539s;temperatura;110.25 °C
tempo;1540s;temperatura;110.50 °C
tempo;1541s;temperatura;110.50 °C
tempo;1542s;temperatura;110.50 °C
tempo;1543s;temperatura;110.25 °C
tempo;1544s;temperatura;110.50 °C
tempo;1545s;temperatura;110.50 °C
tempo;1546s;temperatura;110.00 °C
tempo;1547s;temperatura;109.75 °C
tempo;1548s;temperatura;110.00 °C
tempo;1549s;temperatura;110.25 °C
tempo;1550s;temperatura;110.25 °C
tempo;1551s;temperatura;110.25 °C
tempo;1552s;temperatura;110.00 °C
tempo;1553s;temperatura;109.75 °C
tempo;1554s;temperatura;109.50 °C
tempo;1555s;temperatura;109.00 °C
tempo;1556s;temperatura;109.00 °C
tempo;1557s;temperatura;109.75 °C
tempo;1558s;temperatura;109.50 °C
tempo;1559s;temperatura;109.25 °C
tempo;1560s;temperatura;109.50 °C
tempo;1561s;temperatura;109.25 °C
tempo;1562s;temperatura;108.75 °C
tempo;1563s;temperatura;108.75 °C
tempo;1564s;temperatura;108.75 °C
tempo;1565s;temperatura;108.75 °C
tempo;1566s;temperatura;109.25 °C
tempo;1567s;temperatura;108.75 °C
tempo;1568s;temperatura;108.75 °C
tempo;1569s;temperatura;109.00 °C
tempo;1570s;temperatura;109.00 °C
tempo;1571s;temperatura;108.50 °C
tempo;1572s;temperatura;108.75 °C
tempo;1573s;temperatura;108.75 °C
tempo;1574s;temperatura;108.50 °C
tempo;1575s;temperatura;108.25 °C
tempo;1576s;temperatura;108.50 °C
tempo;1577s;temperatura;108.50 °C
tempo;1578s;temperatura;107.75 °C
tempo;1579s;temperatura;108.25 °C
tempo;1580s;temperatura;108.00 °C
tempo;1581s;temperatura;108.25 °C
tempo;1582s;temperatura;107.75 °C
tempo;1583s;temperatura;108.50 °C
tempo;1584s;temperatura;108.00 °C
tempo;1585s;temperatura;107.75 °C
tempo;1586s;temperatura;107.75 °C
tempo;1587s;temperatura;108.50 °C
tempo;1588s;temperatura;108.25 °C
tempo;1589s;temperatura;107.75 °C
tempo;1590s;temperatura;108.00 °C
tempo;1591s;temperatura;107.75 °C
tempo;1592s;temperatura;108.25 °C
tempo;1593s;temperatura;107.50 °C
tempo;1594s;temperatura;108.00 °C
tempo;1595s;temperatura;108.25 °C
tempo;1596s;temperatura;108.25 °C
tempo;1597s;temperatura;107.75 °C
tempo;1598s;temperatura;108.50 °C
tempo;1599s;temperatura;108.25 °C
tempo;1600s;temperatura;107.75 °C
tempo;1601s;temperatura;107.50 °C
tempo;1602s;temperatura;108.00 °C
tempo;1603s;temperatura;108.25 °C
tempo;1604s;temperatura;108.00 °C
tempo;1605s;temperatura;108.25 °C
tempo;1606s;temperatura;108.00 °C
tempo;1607s;temperatura;108.50 °C
tempo;1608s;temperatura;108.25 °C
tempo;1609s;temperatura;107.75 °C
tempo;1610s;temperatura;108.50 °C
tempo;1611s;temperatura;108.25 °C
tempo;1612s;temperatura;108.25 °C
tempo;1613s;temperatura;108.50 °C
tempo;1614s;temperatura;108.00 °C
tempo;1615s;temperatura;108.00 °C
tempo;1616s;temperatura;108.50 °C
tempo;1617s;temperatura;108.50 °C
tempo;1618s;temperatura;108.75 °C
tempo;1619s;temperatura;108.75 °C
tempo;1620s;temperatura;108.50 °C
tempo;1621s;temperatura;108.50 °C
tempo;1622s;temperatura;108.75 °C
tempo;1623s;temperatura;108.75 °C
tempo;1624s;temperatura;108.50 °C
tempo;1625s;temperatura;109.00 °C
tempo;1626s;temperatura;108.75 °C
tempo;1627s;temperatura;108.75 °C
tempo;1628s;temperatura;109.00 °C
tempo;1629s;temperatura;109.25 °C
tempo;1630s;temperatura;109.00 °C
tempo;1631s;temperatura;108.50 °C
tempo;1632s;temperatura;109.25 °C
tempo;1633s;temperatura;109.25 °C
tempo;1634s;temperatura;109.50 °C
tempo;1635s;temperatura;110.00 °C
tempo;1636s;temperatura;109.75 °C
tempo;1637s;temperatura;109.50 °C
tempo;1638s;temperatura;109.50 °C
tempo;1639s;temperatura;109.75 °C
tempo;1640s;temperatura;110.00 °C
tempo;1641s;temperatura;110.00 °C
tempo;1642s;temperatura;110.25 °C
tempo;1643s;temperatura;110.00 °C
tempo;1644s;temperatura;110.50 °C
tempo;1645s;temperatura;110.00 °C
tempo;1646s;temperatura;110.75 °C
tempo;1647s;temperatura;110.25 °C
tempo;1648s;temperatura;110.75 °C
tempo;1649s;temperatura;110.50 °C
tempo;1650s;temperatura;111.00 °C
tempo;1651s;temperatura;111.00 °C
tempo;1652s;temperatura;111.00 °C
tempo;1653s;temperatura;111.25 °C
tempo;1654s;temperatura;111.00 °C
tempo;1655s;temperatura;111.50 °C
tempo;1656s;temperatura;111.25 °C
tempo;1657s;temperatura;111.50 °C
tempo;1658s;temperatura;111.25 °C
tempo;1659s;temperatura;111.50 °C
tempo;1660s;temperatura;111.50 °C
tempo;1661s;temperatura;111.75 °C
tempo;1662s;temperatura;112.00 °C
tempo;1663s;temperatura;111.50 °C
tempo;1664s;temperatura;112.00 °C
tempo;1665s;temperatura;112.00 °C
tempo;1666s;temperatura;112.25 °C
tempo;1667s;temperatura;112.50 °C
tempo;1668s;temperatura;112.00 °C
tempo;1669s;temperatura;112.50 °C
tempo;1670s;temperatura;112.50 °C
tempo;1671s;temperatura;112.25 °C
tempo;1672s;temperatura;112.00 °C
tempo;1673s;temperatura;112.75 °C
tempo;1674s;temperatura;112.50 °C
tempo;1675s;temperatura;112.75 °C
tempo;1676s;temperatura;112.50 °C
tempo;1677s;temperatura;112.75 °C
tempo;1678s;temperatura;113.00 °C
tempo;1679s;temperatura;113.00 °C
tempo;1680s;temperatura;113.25 °C
tempo;1681s;temperatura;113.00 °C
tempo;1682s;temperatura;112.25 °C
tempo;1683s;temperatura;113.00 °C
tempo;1684s;temperatura;113.25 °C
tempo;1685s;temperatura;113.25 °C
tempo;1686s;temperatura;113.25 °C
tempo;1687s;temperatura;113.50 °C
tempo;1688s;temperatura;113.50 °C
tempo;1689s;temperatura;113.00 °C
tempo;1690s;temperatura;113.50 °C
tempo;1691s;temperatura;113.50 °C
tempo;1692s;temperatura;113.25 °C
tempo;1693s;temperatura;113.25 °C
tempo;1694s;temperatura;113.50 °C
tempo;1695s;temperatura;113.25 °C
tempo;1696s;temperatura;113.25 °C
tempo;1697s;temperatura;113.75 °C
tempo;1698s;temperatura;113.75 °C
tempo;1699s;temperatura;113.50 °C
tempo;1700s;temperatura;113.75 °C
tempo;1701s;temperatura;113.75 °C
tempo;1702s;temperatura;113.25 °C
tempo;1703s;temperatura;113.50 °C
tempo;1704s;temperatura;113.25 °C
tempo;1705s;temperatura;113.00 °C
tempo;1706s;temperatura;114.00 °C
tempo;1707s;temperatura;113.50 °C
tempo;1708s;temperatura;113.50 °C
tempo;1709s;temperatura;114.00 °C
tempo;1710s;temperatura;113.50 °C
tempo;1711s;temperatura;114.00 °C
tempo;1712s;temperatura;113.75 °C
tempo;1713s;temperatura;114.00 °C
tempo;1714s;temperatura;114.25 °C
tempo;1715s;temperatura;114.25 °C
tempo;1716s;temperatura;114.50 °C
tempo;1717s;temperatura;114.25 °C
tempo;1718s;temperatura;114.25 °C
tempo;1719s;temperatura;113.50 °C
tempo;1720s;temperatura;114.50 °C
tempo;1721s;temperatura;113.25 °C
tempo;1722s;temperatura;114.25 °C
tempo;1723s;temperatura;114.00 °C
tempo;1724s;temperatura;114.25 °C
tempo;1725s;temperatura;114.25 °C
tempo;1726s;temperatura;114.50 °C
tempo;1727s;temperatura;113.75 °C
tempo;1728s;temperatura;114.00 °C
tempo;1729s;temperatura;113.75 °C
tempo;1730s;temperatura;114.00 °C
tempo;1731s;temperatura;114.25 °C
tempo;1732s;temperatura;114.25 °C
tempo;1733s;temperatura;114.00 °C
tempo;1734s;temperatura;114.00 °C
tempo;1735s;temperatura;114.25 °C
tempo;1736s;temperatura;114.25 °C
tempo;1737s;temperatura;113.50 °C
tempo;1738s;temperatura;114.00 °C
tempo;1739s;temperatura;114.25 °C
tempo;1740s;temperatura;114.00 °C
tempo;1741s;temperatura;113.75 °C
tempo;1742s;temperatura;113.75 °C
tempo;1743s;temperatura;114.25 °C
tempo;1744s;temperatura;114.00 °C
tempo;1745s;temperatura;114.25 °C
tempo;1746s;temperatura;114.25 °C
tempo;1747s;temperatura;114.25 °C
tempo;1748s;temperatura;114.00 °C
tempo;1749s;temperatura;114.00 °C
tempo;1750s;temperatura;114.00 °C
tempo;1751s;temperatura;113.75 °C
tempo;1752s;temperatura;114.00 °C
tempo;1753s;temperatura;114.25 °C
tempo;1754s;temperatura;114.25 °C
tempo;1755s;temperatura;114.00 °C
tempo;1756s;temperatura;114.00 °C
tempo;1757s;temperatura;114.00 °C
tempo;1758s;temperatura;113.50 °C
tempo;1759s;temperatura;114.00 °C
tempo;1760s;temperatura;114.25 °C
tempo;1761s;temperatura;114.00 °C
tempo;1762s;temperatura;113.75 °C
tempo;1763s;temperatura;114.00 °C
tempo;1764s;temperatura;113.50 °C
tempo;1765s;temperatura;113.25 °C
tempo;1766s;temperatura;113.50 °C
tempo;1767s;temperatura;113.50 °C
tempo;1768s;temperatura;114.00 °C
tempo;1769s;temperatura;113.75 °C
tempo;1770s;temperatura;114.00 °C
tempo;1771s;temperatura;114.00 °C
tempo;1772s;temperatura;113.50 °C
tempo;1773s;temperatura;113.50 °C
tempo;1774s;temperatura;113.50 °C
tempo;1775s;temperatura;113.75 °C
tempo;1776s;temperatura;113.50 °C
tempo;1777s;temperatura;113.75 °C
tempo;1778s;temperatura;113.75 °C
tempo;1779s;temperatura;113.50 °C
tempo;1780s;temperatura;113.50 °C
tempo;1781s;temperatura;113.75 °C
tempo;1782s;temperatura;113.50 °C
tempo;1783s;temperatura;113.50 °C
tempo;1784s;temperatura;113.75 °C
tempo;1785s;temperatura;113.50 °C
tempo;1786s;temperatura;113.00 °C
tempo;1787s;temperatura;113.50 °C
tempo;1788s;temperatura;113.75 °C
tempo;1789s;temperatura;113.25 °C
tempo;1790s;temperatura;113.25 °C
tempo;1791s;temperatura;113.25 °C
tempo;1792s;temperatura;112.75 °C
tempo;1793s;temperatura;113.25 °C
tempo;1794s;temperatura;112.75 °C
tempo;1795s;temperatura;113.25 °C
tempo;1796s;temperatura;113.00 °C
tempo;1797s;temperatura;113.25 °C
tempo;1798s;temperatura;113.00 °C
tempo;1799s;temperatura;112.25 °C
tempo;1800s;temperatura;112.50 °C
tempo;1801s;temperatura;113.00 °C
tempo;1802s;temperatura;112.50 °C
tempo;1803s;temperatura;112.50 °C
tempo;1804s;temperatura;112.75 °C
tempo;1805s;temperatura;112.75 °C
tempo;1806s;temperatura;112.75 °C
tempo;1807s;temperatura;112.75 °C
tempo;1808s;temperatura;112.75 °C
tempo;1809s;temperatura;112.00 °C
tempo;1810s;temperatura;112.25 °C
tempo;1811s;temperatura;112.25 °C
tempo;1812s;temperatura;112.75 °C
tempo;1813s;temperatura;112.00 °C
tempo;1814s;temperatura;112.50 °C
tempo;1815s;temperatura;112.75 °C
tempo;1816s;temperatura;112.50 °C
tempo;1817s;temperatura;112.75 °C
tempo;1818s;temperatura;112.50 °C
tempo;1819s;temperatura;112.50 °C
tempo;1820s;temperatura;112.25 °C
tempo;1821s;temperatura;112.00 °C
tempo;1822s;temperatura;112.00 °C
tempo;1823s;temperatura;111.75 °C
tempo;1824s;temperatura;112.00 °C
tempo;1825s;temperatura;112.00 °C
tempo;1826s;temperatura;112.25 °C
tempo;1827s;temperatura;111.75 °C
tempo;1828s;temperatura;112.00 °C
tempo;1829s;temperatura;111.50 °C
tempo;1830s;temperatura;112.00 °C
tempo;1831s;temperatura;111.75 °C
tempo;1832s;temperatura;111.50 °C
tempo;1833s;temperatura;111.25 °C
tempo;1834s;temperatura;111.50 °C
tempo;1835s;temperatura;111.75 °C
tempo;1836s;temperatura;111.00 °C
tempo;1837s;temperatura;111.50 °C
tempo;1838s;temperatura;111.25 °C
tempo;1839s;temperatura;111.50 °C
tempo;1840s;temperatura;111.00 °C
tempo;1841s;temperatura;111.25 °C
tempo;1842s;temperatura;111.00 °C
tempo;1843s;temperatura;111.00 °C
tempo;1844s;temperatura;111.50 °C
tempo;1845s;temperatura;111.25 °C
tempo;1846s;temperatura;110.75 °C
tempo;1847s;temperatura;111.00 °C
tempo;1848s;temperatura;110.75 °C
tempo;1849s;temperatura;110.75 °C
tempo;1850s;temperatura;111.00 °C
tempo;1851s;temperatura;111.00 °C
tempo;1852s;temperatura;110.50 °C
tempo;1853s;temperatura;111.00 °C
tempo;1854s;temperatura;110.25 °C
tempo;1855s;temperatura;110.50 °C
tempo;1856s;temperatura;110.75 °C
tempo;1857s;temperatura;110.25 °C
tempo;1858s;temperatura;110.50 °C
tempo;1859s;temperatura;110.50 °C
tempo;1860s;temperatura;110.50 °C
tempo;1861s;temperatura;110.00 °C
tempo;1862s;temperatura;110.50 °C
tempo;1863s;temperatura;110.50 °C
tempo;1864s;temperatura;110.00 °C
tempo;1865s;temperatura;110.00 °C
tempo;1866s;temperatura;109.25 °C
tempo;1867s;temperatura;110.00 °C
tempo;1868s;temperatura;109.75 °C
tempo;1869s;temperatura;109.75 °C
tempo;1870s;temperatura;109.50 °C
tempo;1871s;temperatura;109.75 °C
tempo;1872s;temperatura;109.75 °C
tempo;1873s;temperatura;109.75 °C
tempo;1874s;temperatura;109.00 °C
tempo;1875s;temperatura;109.25 °C
tempo;1876s;temperatura;109.25 °C
tempo;1877s;temperatura;109.75 °C
tempo;1878s;temperatura;109.25 °C
tempo;1879s;temperatura;108.50 °C
tempo;1880s;temperatura;109.50 °C
tempo;1881s;temperatura;109.25 °C
tempo;1882s;temperatura;109.25 °C
tempo;1883s;temperatura;109.25 °C
tempo;1884s;temperatura;109.25 °C
tempo;1885s;temperatura;108.75 °C
tempo;1886s;temperatura;109.25 °C
tempo;1887s;temperatura;109.25 °C
tempo;1888s;temperatura;109.00 °C
tempo;1889s;temperatura;109.00 °C
tempo;1890s;temperatura;108.75 °C
tempo;1891s;temperatura;109.00 °C
tempo;1892s;temperatura;109.00 °C
tempo;1893s;temperatura;108.25 °C
tempo;1894s;temperatura;108.75 °C
tempo;1895s;temperatura;108.00 °C
tempo;1896s;temperatura;108.50 °C
tempo;1897s;temperatura;108.00 °C
tempo;1898s;temperatura;108.75 °C
tempo;1899s;temperatura;108.50 °C
tempo;1900s;temperatura;108.25 °C
tempo;1901s;temperatura;108.25 °C
tempo;1902s;temperatura;108.25 °C
tempo;1903s;temperatura;108.50 °C
tempo;1904s;temperatura;108.50 °C
tempo;1905s;temperatura;107.75 °C
tempo;1906s;temperatura;108.25 °C
tempo;1907s;temperatura;108.25 °C
tempo;1908s;temperatura;108.25 °C
tempo;1909s;temperatura;108.25 °C
tempo;1910s;temperatura;108.25 °C
tempo;1911s;temperatura;108.75 °C
tempo;1912s;temperatura;108.25 °C
tempo;1913s;temperatura;108.50 °C
tempo;1914s;temperatura;108.25 °C
tempo;1915s;temperatura;108.25 °C
tempo;1916s;temperatura;108.50 °C
tempo;1917s;temperatura;108.50 °C
tempo;1918s;temperatura;108.50 °C
tempo;1919s;temperatura;108.25 °C
tempo;1920s;temperatura;108.75 °C
tempo;1921s;temperatura;108.25 °C
tempo;1922s;temperatura;108.25 °C
tempo;1923s;temperatura;109.00 °C
tempo;1924s;temperatura;108.75 °C
tempo;1925s;temperatura;108.75 °C
tempo;1926s;temperatura;108.75 °C
tempo;1927s;temperatura;108.50 °C
tempo;1928s;temperatura;108.75 °C
tempo;1929s;temperatura;108.25 °C
tempo;1930s;temperatura;109.25 °C
tempo;1931s;temperatura;109.00 °C
tempo;1932s;temperatura;108.75 °C
tempo;1933s;temperatura;109.00 °C
tempo;1934s;temperatura;108.50 °C
tempo;2459s;temperatura;111.50 °C
tempo;2460s;temperatura;111.50 °C
tempo;2461s;temperatura;111.25 °C
tempo;2462s;temperatura;111.25 °C
tempo;2463s;temperatura;111.50 °C
tempo;2464s;temperatura;111.00 °C
tempo;2465s;temperatura;111.00 °C
tempo;2466s;temperatura;111.25 °C
tempo;2467s;temperatura;111.00 °C
tempo;2468s;temperatura;110.75 °C
tempo;2469s;temperatura;110.50 °C
tempo;2470s;temperatura;110.50 °C
tempo;2471s;temperatura;110.25 °C
tempo;2472s;temperatura;111.00 °C
tempo;2473s;temperatura;110.50 °C
tempo;2474s;temperatura;110.75 °C
tempo;2475s;temperatura;111.00 °C
tempo;2476s;temperatura;111.00 °C
tempo;2477s;temperatura;111.00 °C
tempo;2478s;temperatura;110.50 °C
tempo;2479s;temperatura;111.00 °C
tempo;2480s;temperatura;110.00 °C
tempo;2481s;temperatura;110.25 °C
tempo;2482s;temperatura;110.25 °C
tempo;2483s;temperatura;110.50 °C
tempo;2484s;temperatura;110.00 °C
tempo;2485s;temperatura;110.50 °C
tempo;2486s;temperatura;110.25 °C
tempo;2487s;temperatura;110.25 °C
tempo;2488s;temperatura;110.25 °C
tempo;2489s;temperatura;110.00 °C
tempo;2490s;temperatura;110.25 °C
tempo;2491s;temperatura;109.75 °C
tempo;2492s;temperatura;110.00 °C
tempo;2493s;temperatura;110.00 °C
tempo;2494s;temperatura;109.50 °C
tempo;2495s;temperatura;109.75 °C
tempo;2496s;temperatura;109.50 °C
tempo;2497s;temperatura;109.50 °C
tempo;2498s;temperatura;109.50 °C
tempo;2499s;temperatura;109.50 °C
tempo;2500s;temperatura;109.00 °C
tempo;2501s;temperatura;109.00 °C
tempo;2502s;temperatura;109.00 °C
tempo;2503s;temperatura;109.25 °C
tempo;2504s;temperatura;109.00 °C
tempo;2505s;temperatura;108.50 °C
tempo;2506s;temperatura;109.00 °C
tempo;2507s;temperatura;109.00 °C
tempo;2508s;temperatura;108.75 °C
tempo;2509s;temperatura;109.25 °C
tempo;2510s;temperatura;109.00 °C
tempo;2511s;temperatura;108.50 °C
tempo;2512s;temperatura;108.25 °C
tempo;2513s;temperatura;108.75 °C
tempo;2514s;temperatura;108.75 °C
tempo;2515s;temperatura;109.00 °C
tempo;2516s;temperatura;108.25 °C
tempo;2517s;temperatura;108.75 °C
tempo;2518s;temperatura;108.50 °C
tempo;2519s;temperatura;108.75 °C
tempo;2520s;temperatura;108.75 °C
tempo;2521s;temperatura;108.50 °C
tempo;2522s;temperatura;108.25 °C
tempo;2523s;temperatura;108.50 °C
tempo;2524s;temperatura;108.25 °C
tempo;2525s;temperatura;108.25 °C
tempo;2526s;temperatura;108.00 °C
tempo;2527s;temperatura;108.50 °C
tempo;2528s;temperatura;108.50 °C
tempo;2529s;temperatura;108.00 °C
tempo;2530s;temperatura;108.25 °C
tempo;2531s;temperatura;107.75 °C
tempo;2532s;temperatura;108.25 °C
tempo;2533s;temperatura;108.25 °C
tempo;2534s;temperatura;108.25 °C
tempo;2535s;temperatura;108.00 °C
tempo;2536s;temperatura;108.25 °C
tempo;2537s;temperatura;107.75 °C
tempo;2538s;temperatura;108.25 °C
tempo;2539s;temperatura;107.75 °C
tempo;2540s;temperatura;108.25 °C
tempo;2541s;temperatura;108.00 °C
tempo;2542s;temperatura;108.50 °C
tempo;2543s;temperatura;108.25 °C
tempo;2544s;temperatura;108.25 °C
tempo;2545s;temperatura;108.25 °C
tempo;2546s;temperatura;108.00 °C
tempo;2547s;temperatura;107.75 °C
tempo;2548s;temperatura;108.75 °C
tempo;2549s;temperatura;107.50 °C
tempo;2550s;temperatura;107.50 °C
tempo;2551s;temperatura;107.75 °C
tempo;2552s;temperatura;108.25 °C
tempo;2553s;temperatura;108.25 °C
tempo;2554s;temperatura;108.00 °C
tempo;2555s;temperatura;108.00 °C
tempo;2556s;temperatura;108.50 °C
tempo;2557s;temperatura;108.25 °C
tempo;2558s;temperatura;108.50 °C
tempo;2559s;temperatura;108.50 °C
tempo;2560s;temperatura;108.25 °C
tempo;2561s;temperatura;108.50 °C
tempo;2562s;temperatura;108.50 °C
tempo;2563s;temperatura;108.75 °C
tempo;2564s;temperatura;108.75 °C
tempo;2565s;temperatura;108.75 °C
tempo;2566s;temperatura;109.00 °C
tempo;2567s;temperatura;109.25 °C
tempo;2568s;temperatura;108.75 °C
tempo;2569s;temperatura;108.75 °C
tempo;2570s;temperatura;109.00 °C
tempo;2571s;temperatura;109.00 °C
tempo;2572s;temperatura;109.25 °C
tempo;2573s;temperatura;109.50 °C
tempo;2574s;temperatura;109.50 °C
tempo;2575s;temperatura;109.50 °C
tempo;2576s;temperatura;109.50 °C
tempo;2577s;temperatura;109.50 °C
tempo;2578s;temperatura;109.75 °C
tempo;2579s;temperatura;109.75 °C
tempo;2580s;temperatura;110.00 °C